name,team,shirtNo,photo,playerId,fotmob_player_id,Assists,xA,key_passes,final_third_passes,penalty_box_passes,prog_passes,xG,Goals,Shots,SCA,GCA,defensive_actions,final_third_entries,penalty_box_entries,prog_carries,minutes
Rafael Bracali,Boavista,1.0,https://static-img.zz.pt/jogadores/98/918998__20220805102024_rafael_bracali.png,35211.0,,0.0,0.0,0.0,3.0,0.0,0.0,0.0,0.0,0.0,3.0,2.0,54.0,1.0,1.0,0.0,2520.0
Matheus Magalhães,Braga,1.0,https://static-img.zz.pt/jogadores/75/147075_20220803190224_matheus_magalhaes.jpg,296521.0,,0.0,0.0,0.0,21.0,2.0,0.0,0.0,0.0,0.0,8.0,0.0,78.0,0.0,0.0,0.0,2873.0
João Bravim,Casa-Pia,1.0,https://static-img.zz.pt/jogadores/54/547754_20220913170915_joao_bravim.png,447001.0,,0.0,0.0,0.0,0.0,0.0,0.0,0.0,0.0,0.0,1.0,0.0,3.0,0.0,0.0,0.0,90.0
Paulo Vítor,Chaves,1.0,https://static-img.zz.pt/jogadores/69/245969_20220812231326_paulo_vitor.png,363078.0,,0.0,0.0,2.0,17.0,1.0,0.0,0.0,0.0,0.0,13.0,2.0,91.0,2.0,2.0,0.0,2700.0
Ivan Zlobin,Famalicao,1.0,https://static-img.zz.pt/jogadores/11/376811_20220927150309_ivan_zlobin.png,369464.0,,0.0,0.0,1.0,1.0,0.0,0.0,0.0,0.0,0.0,1.0,0.0,0.0,0.0,0.0,0.0,90.0
Stanislav Kritciuk,Gil-Vicente,1.0,https://static-img.zz.pt/jogadores/46/309646_20220803183820_stanislav_kritciuk.png,124712.0,,0.0,0.0,0.0,0.0,0.0,0.0,0.0,0.0,0.0,3.0,0.0,19.0,0.0,0.0,0.0,929.0
Ricardo Fernandes,Santa-Clara,1.0,https://static-img.zz.pt/jogadores/84/277084_20220803225724_ricardo_fernandes.png,344541.0,,,,,,,,,,,,,,,,,
Antonio Adán,Sporting,1.0,https://static-img.zz.pt/jogadores/33/38333_20220907200148_antonio_adan.png,23285.0,,1.0,0.1,2.0,6.0,0.0,0.0,0.2,0.0,1.0,5.0,1.0,49.0,0.0,0.0,0.0,2789.0
Morlaye Sylla,Arouca,2.0,https://static-img.zz.pt/jogadores/21/485321_20220806112742_morlaye_sylla.png,431222.0,689050.0,4.0,4.3,40.0,98.0,31.0,115.0,4.4,4.0,36.0,75.0,9.0,264.0,46.0,8.0,49.0,2279.0
Gilberto,Benfica,2.0,https://static-img.zz.pt/jogadores/00/134600_20220916101352_gilberto.jpg,119542.0,387499.0,1.0,2.9,18.0,39.0,24.0,45.0,1.1,2.0,6.0,29.0,2.0,121.0,41.0,5.0,50.0,798.0
Reggie Cannon,Boavista,2.0,https://static-img.zz.pt/jogadores/61/919061__20220805143130_reggie_cannon.png,333946.0,825603.0,0.0,0.2,3.0,29.0,3.0,30.0,0.1,0.0,2.0,10.0,0.0,344.0,10.0,0.0,15.0,2313.0
Víctor Gómez ,Braga,2.0,https://static-img.zz.pt/jogadores/34/559734_20220803190337_victor_gomez_.jpg,384566.0,927647.0,4.0,3.1,26.0,63.0,35.0,95.0,0.1,0.0,4.0,54.0,6.0,219.0,45.0,5.0,48.0,2064.0
Eduardo Fereira,Casa-Pia,2.0,https://static-img.zz.pt/jogadores/15/555915_20220913170302_eduardo_fereira.png,444771.0,921605.0,0.0,0.0,0.0,0.0,0.0,0.0,0.0,0.0,1.0,0.0,0.0,6.0,1.0,0.0,0.0,54.0
Habib Sylla,Chaves,2.0,https://static-img.zz.pt/jogadores/43/590743_20220812234436_habib_sylla.png,447020.0,1204569.0,0.0,0.1,1.0,13.0,5.0,26.0,0.1,0.0,3.0,4.0,0.0,93.0,5.0,0.0,8.0,619.0
Diogo Queirós,Famalicao,2.0,https://static-img.zz.pt/jogadores/15/190115_20220803201547_diogo_queiros.png,384886.0,824637.0,0.0,0.0,0.0,0.0,0.0,0.0,0.0,0.0,0.0,0.0,0.0,2.0,0.0,0.0,0.0,10.0
Zé Carlos,Gil-Vicente,2.0,https://static-img.zz.pt/jogadores/01/221801_20230227190913_ze_carlos.jpg,404281.0,1132158.0,1.0,1.4,5.0,10.0,3.0,9.0,0.2,0.0,2.0,7.0,1.0,54.0,11.0,3.0,4.0,397.0
Cláudio Winck,Maritimo,2.0,https://static-img.zz.pt/jogadores/58/187758_20220810203409_claudio_winck.png,101952.0,267368.0,3.0,2.9,33.0,87.0,30.0,132.0,6.1,6.0,37.0,78.0,5.0,329.0,65.0,16.0,84.0,2421.0
Fábio Cardoso,Porto,2.0,https://static-img.zz.pt/jogadores/43/74943_20220817115007_fabio_cardoso.png,322771.0,361751.0,0.0,0.1,2.0,41.0,4.0,36.0,1.3,2.0,11.0,9.0,0.0,138.0,5.0,0.0,3.0,1235.0
Ygor Nogueira,Santa-Clara,2.0,https://static-img.zz.pt/jogadores/29/428529_20230311153539_ygor_nogueira.png,300280.0,267367.0,0.0,0.0,1.0,13.0,1.0,17.0,1.2,1.0,11.0,10.0,0.0,157.0,2.0,0.0,4.0,1020.0
Matheus Reis,Sporting,2.0,https://static-img.zz.pt/jogadores/02/395702_20220907200444_matheus_reis.png,283978.0,653592.0,0.0,1.1,14.0,218.0,24.0,207.0,0.8,1.0,12.0,62.0,5.0,248.0,55.0,3.0,71.0,2288.0
Miguel Maga,Vitoria-de-Guimaraes,2.0,https://static-img.zz.pt/jogadores/14/530914_20220729164828_miguel_maga_1659109708.jpg,431674.0,1282445.0,2.0,1.6,21.0,52.0,37.0,74.0,0.6,0.0,4.0,47.0,5.0,319.0,16.0,4.0,34.0,1755.0
Jerome Opoku,Arouca,3.0,https://static-img.zz.pt/jogadores/73/483273_20220806111534_jerome_opoku.png,382364.0,873227.0,1.0,0.4,4.0,42.0,1.0,30.0,0.2,0.0,3.0,10.0,1.0,259.0,7.0,0.0,13.0,1918.0
Álex Grimaldo,Benfica,3.0,https://static-img.zz.pt/jogadores/79/214579_20220916101624_alex_grimaldo.jpg,107252.0,288406.0,9.0,12.6,74.0,106.0,92.0,194.0,3.9,5.0,38.0,121.0,18.0,360.0,69.0,11.0,102.0,2941.0
Vítor Tormena,Braga,3.0,https://static-img.zz.pt/jogadores/00/446900_20220803190327_vitor_tormena.jpg,363935.0,866509.0,0.0,0.4,7.0,116.0,5.0,91.0,1.6,1.0,15.0,23.0,1.0,341.0,10.0,0.0,14.0,2345.0
João Nunes,Casa-Pia,3.0,https://static-img.zz.pt/jogadores/29/143929_20220913170548_joao_nunes.png,444765.0,574658.0,0.0,0.1,3.0,54.0,3.0,56.0,0.6,1.0,8.0,13.0,1.0,272.0,9.0,1.0,10.0,1647.0
Nélson Monte,Chaves,3.0,https://static-img.zz.pt/jogadores/41/110741_20220812231656_nelson_monte.png,323355.0,534473.0,0.0,0.4,5.0,82.0,14.0,103.0,0.7,0.0,6.0,20.0,1.0,388.0,21.0,1.0,24.0,2583.0
Bernardo Vital,Estoril,3.0,https://static-img.zz.pt/jogadores/46/587646_20220803214818_bernardo_vital.png,421890.0,1184043.0,0.0,0.1,3.0,44.0,1.0,49.0,0.3,0.0,4.0,10.0,0.0,296.0,3.0,1.0,10.0,2259.0
Moises Mosquera,Maritimo,3.0,https://static-img.zz.pt/jogadores/38/783838_20220810204237_moises_mosquera.png,401126.0,1187762.0,1.0,0.6,4.0,37.0,2.0,39.0,0.7,0.0,12.0,13.0,1.0,279.0,5.0,1.0,5.0,1577.0
Nuno Lima,Pacos-de-Ferreira,3.0,https://static-img.zz.pt/jogadores/63/556363_20220808234515_nuno_lima.png,423078.0,1282423.0,0.0,0.2,4.0,65.0,2.0,63.0,1.2,1.0,9.0,15.0,1.0,356.0,3.0,0.0,1.0,2445.0
Zié Ouattara,Portimonense,3.0,https://static-img.zz.pt/jogadores/46/624546_20220808160944_zie_ouattara_1659971384.jpg,404051.0,960049.0,0.0,1.3,16.0,26.0,11.0,46.0,0.7,1.0,8.0,30.0,2.0,151.0,22.0,5.0,32.0,1163.0
Pepe,Porto,3.0,https://static-img.zz.pt/jogadores/30/130_20220817115008_pepe.png,10105.0,25921.0,0.0,0.5,7.0,109.0,5.0,111.0,0.3,0.0,7.0,17.0,1.0,291.0,10.0,0.0,12.0,1966.0
Miguel Nóbrega,Rio-Ave,3.0,https://static-img.zz.pt/jogadores/53/295253_20220803215147_miguel_nobrega.png,444574.0,993805.0,1.0,0.5,3.0,16.0,0.0,13.0,0.2,0.0,3.0,5.0,1.0,71.0,2.0,0.0,3.0,561.0
Xavi Quintillà,Santa-Clara,3.0,https://static-img.zz.pt/jogadores/55/295655_20220803225624_xavi_quintilla.png,369884.0,522578.0,1.0,0.6,12.0,30.0,7.0,36.0,0.9,1.0,3.0,20.0,1.0,76.0,6.0,0.0,9.0,722.0
Jeremiah St. Juste,Sporting,3.0,https://static-img.zz.pt/jogadores/79/391479_20220907200328_jeremiah_st_juste.png,259929.0,611831.0,1.0,0.5,5.0,104.0,3.0,108.0,0.7,1.0,7.0,24.0,2.0,124.0,26.0,0.0,40.0,909.0
Mikel Villanueva,Vitoria-de-Guimaraes,3.0,https://static-img.zz.pt/jogadores/11/323911_20220729164523_mikel_villanueva_1659109523.jpg,318502.0,423663.0,1.0,1.1,6.0,78.0,3.0,65.0,1.1,1.0,9.0,24.0,4.0,303.0,9.0,1.0,7.0,2536.0
Bruno Wilson,Vizela,3.0,https://static-img.zz.pt/jogadores/09/75309_20220813000239_bruno_wilson.png,331637.0,540414.0,1.0,0.9,3.0,44.0,1.0,41.0,1.2,0.0,12.0,13.0,2.0,326.0,11.0,1.0,4.0,2048.0
Sema Velázquez,Arouca,4.0,https://static-img.zz.pt/jogadores/22/72222_20220806111306_sema_velazquez.png,40822.0,116183.0,0.0,0.0,0.0,0.0,0.0,0.0,0.0,0.0,0.0,0.0,0.0,4.0,0.0,0.0,0.0,6.0
Lucas Veríssimo,Benfica,4.0,https://static-img.zz.pt/jogadores/81/491981_20220916101452_lucas_verissimo.jpg,300640.0,699694.0,0.0,0.0,0.0,0.0,0.0,2.0,0.0,0.0,0.0,0.0,0.0,1.0,0.0,0.0,0.0,11.0
Robson Reis,Boavista,4.0,https://static-img.zz.pt/jogadores/69/693269_20220819203651_robson_reis.png,417656.0,1252914.0,0.0,0.2,1.0,2.0,0.0,3.0,0.0,0.0,1.0,0.0,0.0,28.0,0.0,0.0,0.0,122.0
Sikou Niakaté,Braga,4.0,https://static-img.zz.pt/jogadores/88/560488_20220803190316_sikou_niakate.jpg,422882.0,821312.0,0.0,0.2,6.0,63.0,4.0,67.0,0.7,3.0,10.0,13.0,3.0,335.0,7.0,3.0,15.0,2127.0
Léo Bolgado,Casa-Pia,4.0,https://static-img.zz.pt/jogadores/92/547792_20220913170712_leo_bolgado.png,447000.0,1286294.0,0.0,0.0,1.0,9.0,0.0,11.0,0.3,1.0,2.0,3.0,0.0,92.0,1.0,0.0,0.0,487.0
Lucas Áfrico,Estoril,4.0,https://static-img.zz.pt/jogadores/42/970342__20230116083303_lucas_africo.jpg,361912.0,953960.0,0.0,0.0,0.0,7.0,0.0,10.0,0.0,0.0,1.0,1.0,0.0,27.0,2.0,0.0,0.0,354.0
Enea Mihaj,Famalicao,4.0,https://static-img.zz.pt/jogadores/44/538544_20220927150649_enea_mihaj.png,363299.0,784876.0,0.0,0.0,3.0,45.0,1.0,59.0,1.2,0.0,11.0,9.0,2.0,277.0,3.0,1.0,3.0,2226.0
Né Lopes,Gil-Vicente,4.0,https://static-img.zz.pt/jogadores/79/545879_20220803184212_ne_lopes.png,447137.0,1079294.0,0.0,0.1,2.0,17.0,1.0,18.0,0.6,0.0,6.0,5.0,1.0,56.0,2.0,0.0,1.0,450.0
Matheus Costa,Maritimo,4.0,https://static-img.zz.pt/jogadores/41/529741_20220810203344_matheus_costa.png,422005.0,816256.0,0.0,0.1,4.0,24.0,0.0,23.0,0.3,0.0,6.0,15.0,0.0,162.0,2.0,0.0,5.0,1084.0
Pedro Ganchas,Pacos-de-Ferreira,4.0,https://static-img.zz.pt/jogadores/35/234435_20220808234528_pedro_ganchas.jpg,433139.0,1185327.0,0.0,0.0,0.0,7.0,0.0,5.0,0.4,0.0,2.0,3.0,0.0,39.0,1.0,0.0,0.0,269.0
Lucas Alves,Portimonense,4.0,https://static-img.zz.pt/jogadores/19/983919__20230222074921_lucas_alves.jpg,136134.0,541582.0,0.0,0.0,0.0,10.0,0.0,9.0,0.2,0.0,2.0,3.0,0.0,74.0,0.0,0.0,1.0,530.0
Lucas Alves,Portimonense,4.0,https://static-img.zz.pt/jogadores/19/983919__20230222074921_lucas_alves.jpg,136134.0,541582.0,0.0,0.0,1.0,21.0,2.0,20.0,0.1,0.0,4.0,5.0,0.0,68.0,3.0,0.0,2.0,360.0
David Carmo,Porto,4.0,https://static-img.zz.pt/jogadores/75/233475_20220817115009_david_carmo.png,374812.0,954962.0,0.0,0.0,0.0,27.0,1.0,18.0,0.9,0.0,4.0,2.0,0.0,76.0,1.0,0.0,3.0,636.0
Patrick William,Rio-Ave,4.0,https://static-img.zz.pt/jogadores/68/549568_20220803215201_patrick_william.png,356232.0,934713.0,1.0,2.7,12.0,103.0,13.0,113.0,1.3,2.0,19.0,40.0,3.0,272.0,21.0,0.0,24.0,1901.0
Kennedy Boateng,Santa-Clara,4.0,https://static-img.zz.pt/jogadores/65/551265_20220519191244_kennedy_boateng.png,422199.0,793670.0,0.0,0.2,3.0,29.0,0.0,41.0,2.9,3.0,19.0,12.0,1.0,378.0,2.0,0.0,4.0,2315.0
Sebastián Coates,Sporting,4.0,https://static-img.zz.pt/jogadores/85/85285_20220907200338_sebastian_coates.png,71268.0,165526.0,0.0,1.4,8.0,134.0,8.0,106.0,2.4,1.0,17.0,37.0,2.0,289.0,8.0,0.0,13.0,2558.0
Ivanildo Fernandes,Vizela,4.0,https://static-img.zz.pt/jogadores/21/406921_20220813002900_ivanildo_fernandes.png,362492.0,668699.0,0.0,0.8,2.0,21.0,0.0,35.0,0.6,0.0,7.0,2.0,0.0,206.0,0.0,0.0,3.0,1483.0
David Simão,Arouca,5.0,https://static-img.zz.pt/jogadores/59/56059_20220904223601_david_simao.png,36712.0,115512.0,4.0,1.7,32.0,136.0,15.0,139.0,0.5,0.0,16.0,58.0,3.0,330.0,19.0,0.0,16.0,2580.0
Serdar Saatci,Braga,5.0,https://static-img.zz.pt/jogadores/57/839057_20230214183346_serdar_saatci.png,406688.0,1188625.0,0.0,0.0,0.0,2.0,0.0,1.0,0.0,0.0,0.0,1.0,0.0,28.0,1.0,0.0,1.0,215.0
Leonardo Lelo,Casa-Pia,5.0,https://static-img.zz.pt/jogadores/87/435987_20220913170727_leonardo_lelo.png,444766.0,1281236.0,6.0,2.9,22.0,56.0,29.0,83.0,2.4,1.0,13.0,50.0,7.0,311.0,43.0,6.0,52.0,2290.0
Bruno Langa,Chaves,5.0,https://static-img.zz.pt/jogadores/43/517243_20220812231433_bruno_langa.png,390741.0,1125477.0,0.0,3.2,32.0,102.0,30.0,122.0,0.5,0.0,18.0,70.0,4.0,366.0,55.0,5.0,63.0,2472.0
João Gamboa,Estoril,5.0,https://static-img.zz.pt/jogadores/36/970336__20230116083300_joao_gamboa.jpg,333315.0,632709.0,0.0,0.0,0.0,0.0,0.0,0.0,0.0,0.0,0.0,0.0,0.0,3.0,0.0,0.0,0.0,9.0
João Gamboa,Estoril,5.0,https://static-img.zz.pt/jogadores/36/970336__20230116083300_joao_gamboa.jpg,333315.0,632709.0,0.0,0.2,4.0,35.0,3.0,39.0,0.4,0.0,6.0,15.0,0.0,117.0,2.0,0.0,4.0,1043.0
Rúben Lima,Famalicao,5.0,https://static-img.zz.pt/jogadores/66/52766_20220803201750_ruben_lima.png,136435.0,164472.0,0.0,0.7,9.0,43.0,11.0,50.0,0.1,1.0,4.0,15.0,0.0,174.0,21.0,0.0,15.0,1184.0
Zainadine Júnior,Maritimo,5.0,https://static-img.zz.pt/jogadores/89/121589_20220810203232_zainadine_junior.png,137058.0,191972.0,0.0,0.2,4.0,59.0,3.0,61.0,1.0,0.0,15.0,16.0,0.0,294.0,4.0,1.0,7.0,2080.0
Antunes,Pacos-de-Ferreira,5.0,https://static-img.zz.pt/jogadores/02/29102_20220808234648_antunes.jpg,23621.0,45244.0,2.0,2.9,32.0,113.0,22.0,147.0,1.6,1.0,26.0,58.0,3.0,374.0,48.0,5.0,62.0,2665.0
Wagner Leonardo,Portimonense,5.0,https://static-img.zz.pt/jogadores/64/553564_20230119102133_wagner_leonardo_1674123693.jpg,373974.0,1047658.0,0.0,0.0,0.0,1.0,0.0,4.0,0.0,0.0,0.0,0.0,0.0,17.0,0.0,0.0,0.0,90.0
Iván Marcano,Porto,5.0,https://static-img.zz.pt/jogadores/73/36773_20220817115011_ivan_marcano.png,28521.0,80497.0,0.0,0.1,4.0,80.0,3.0,116.0,2.8,4.0,15.0,13.0,1.0,277.0,10.0,0.0,11.0,2195.0
Hidemasa Morita,Sporting,5.0,https://static-img.zz.pt/jogadores/15/624515_20220907200609_hidemasa_morita.png,409279.0,915102.0,3.0,1.4,17.0,104.0,19.0,126.0,4.8,6.0,28.0,50.0,3.0,284.0,28.0,7.0,33.0,1958.0
Hélder Sá,Vitoria-de-Guimaraes,5.0,https://static-img.zz.pt/jogadores/25/529425_20220729164827_helder_sa_1659109707.jpg,412912.0,1243934.0,0.0,1.4,9.0,33.0,10.0,32.0,0.1,0.0,4.0,22.0,1.0,110.0,9.0,1.0,22.0,800.0
Anderson Jesus,Vizela,5.0,https://static-img.zz.pt/jogadores/59/448159_20220813000225_anderson_jesus.png,416912.0,1130889.0,0.0,0.1,3.0,28.0,1.0,28.0,3.5,3.0,14.0,13.0,2.0,370.0,3.0,2.0,4.0,2667.0
Mateus Quaresma,Arouca,6.0,https://static-img.zz.pt/jogadores/64/448964_20220806111149_mateus_quaresma.png,416502.0,1195556.0,1.0,1.7,20.0,91.0,26.0,96.0,0.3,1.0,13.0,53.0,7.0,458.0,43.0,4.0,65.0,2740.0
Alexander Bah,Benfica,6.0,https://static-img.zz.pt/jogadores/06/523006_20220916101410_alexander_bah.jpg,401520.0,734287.0,4.0,5.2,32.0,107.0,47.0,118.0,0.4,1.0,9.0,65.0,7.0,276.0,43.0,6.0,59.0,1879.0
Ibrahima Camará,Boavista,6.0,https://static-img.zz.pt/jogadores/89/929389__20220905114115_ibrahima_camara.png,370018.0,955790.0,2.0,1.1,15.0,52.0,6.0,58.0,0.9,0.0,13.0,31.0,6.0,116.0,7.0,4.0,17.0,1032.0
Nuno Sequeira,Braga,6.0,https://static-img.zz.pt/jogadores/13/82513_20220803190611_nuno_sequeira.jpg,140118.0,191793.0,2.0,2.2,36.0,96.0,31.0,112.0,0.3,1.0,11.0,71.0,3.0,283.0,47.0,3.0,40.0,2060.0
Derick Poloni,Casa-Pia,6.0,https://static-img.zz.pt/jogadores/30/382330_20220913170901_derick_poloni.png,446997.0,866420.0,0.0,1.0,12.0,25.0,16.0,44.0,0.9,0.0,15.0,30.0,2.0,207.0,30.0,4.0,31.0,1441.0
Alexandre Penetra,Famalicao,6.0,https://static-img.zz.pt/jogadores/85/413285_20220803201813_alexandre_penetra.png,422248.0,1186780.0,2.0,1.9,21.0,84.0,27.0,89.0,1.2,2.0,19.0,50.0,9.0,271.0,14.0,0.0,22.0,2512.0
Lucas Barros,Gil-Vicente,6.0,https://static-img.zz.pt/jogadores/57/606757_20220803184500_lucas_barros.png,,1020007.0,,,,,,,,,,,,,,,,
Rafael Brito,Maritimo,6.0,https://static-img.zz.pt/jogadores/79/503779_20220810205320_rafael_brito.png,433586.0,1080681.0,0.0,0.5,6.0,20.0,7.0,41.0,0.1,0.0,4.0,16.0,0.0,90.0,1.0,0.0,4.0,636.0
Jordan Holsgrove,Pacos-de-Ferreira,6.0,https://static-img.zz.pt/jogadores/03/511803_20220808235745_jordan_holsgrove.jpg,408941.0,877568.0,2.0,0.7,14.0,87.0,17.0,104.0,1.9,2.0,36.0,62.0,6.0,211.0,27.0,8.0,48.0,1780.0
Henrique Jocú,Portimonense,6.0,https://static-img.zz.pt/jogadores/79/428379_20220808160611_henrique_jocu_1659971171.jpg,422208.0,1187277.0,0.0,0.5,3.0,5.0,3.0,8.0,0.0,0.0,1.0,7.0,1.0,66.0,4.0,0.0,2.0,458.0
Guga Rodrigues,Rio-Ave,6.0,https://static-img.zz.pt/jogadores/76/155276_20220803215733_guga_rodrigues.png,380617.0,767713.0,2.0,3.9,59.0,138.0,32.0,188.0,2.6,2.0,51.0,116.0,6.0,329.0,62.0,4.0,78.0,2901.0
Bruno Jordão ,Santa-Clara,6.0,https://static-img.zz.pt/jogadores/21/437121_20230311152755_bruno_jordao_.png,346000.0,777052.0,0.0,0.3,7.0,25.0,5.0,34.0,1.6,1.0,13.0,21.0,0.0,110.0,10.0,2.0,19.0,843.0
Sotiris Alexandropoulos,Sporting,6.0,https://static-img.zz.pt/jogadores/98/730898_20220922125448_sotiris_alexandropoulos.png,418175.0,1093025.0,0.0,0.1,1.0,5.0,0.0,6.0,0.2,0.0,1.0,3.0,0.0,21.0,3.0,1.0,7.0,104.0
Claudemir,Vizela,6.0,https://static-img.zz.pt/jogadores/77/70277_20220813002812_claudemir.png,36137.0,114688.0,1.0,0.7,6.0,70.0,3.0,68.0,0.6,0.0,10.0,25.0,1.0,210.0,5.0,0.0,5.0,1359.0
Yusuf Lawal,Arouca,7.0,https://static-img.zz.pt/jogadores/83/602083_20230227190014_yusuf_lawal.png,421502.0,889100.0,0.0,0.0,1.0,1.0,3.0,4.0,0.0,0.0,0.0,3.0,0.0,13.0,1.0,1.0,2.0,82.0
Yusuf Lawal,Arouca,7.0,https://static-img.zz.pt/jogadores/83/602083_20230227190014_yusuf_lawal.png,421502.0,889100.0,0.0,0.5,7.0,11.0,10.0,32.0,1.3,2.0,19.0,24.0,3.0,102.0,16.0,12.0,33.0,1030.0
David Neres,Benfica,7.0,https://static-img.zz.pt/jogadores/29/458729_20220916101854_david_neres.jpg,326505.0,793066.0,8.0,7.7,49.0,60.0,53.0,107.0,5.4,6.0,50.0,104.0,15.0,132.0,66.0,33.0,94.0,1959.0
Kenji Gorré,Boavista,7.0,https://static-img.zz.pt/jogadores/72/919072__20220805143225_kenji_gorre.png,280768.0,643232.0,6.0,3.3,27.0,40.0,24.0,61.0,3.0,2.0,44.0,77.0,11.0,117.0,73.0,33.0,93.0,1476.0
Rodrigo Gomes,Braga,7.0,https://static-img.zz.pt/jogadores/67/829267__20211005203615_rodrigo_gomes.png,402823.0,1192166.0,,,,,,,,,,,,,,,,
Saviour Godwin,Casa-Pia,7.0,https://static-img.zz.pt/jogadores/70/375070_20220913170213_saviour_godwin.png,444768.0,643712.0,1.0,4.0,34.0,15.0,32.0,50.0,7.0,4.0,80.0,80.0,8.0,198.0,71.0,48.0,123.0,2405.0
Luther Singh,Chaves,7.0,https://static-img.zz.pt/jogadores/31/300731_20220911014251_luther_singh.png,294243.0,672084.0,1.0,0.7,8.0,17.0,3.0,18.0,0.5,0.0,8.0,13.0,1.0,63.0,9.0,6.0,14.0,627.0
Rodrigo Martins,Estoril,7.0,https://static-img.zz.pt/jogadores/87/487387_20220803214522_rodrigo_martins.png,444630.0,955822.0,0.0,1.0,8.0,18.0,7.0,35.0,3.8,3.0,39.0,34.0,2.0,111.0,24.0,23.0,49.0,1387.0
Ivo Rodrigues,Famalicao,7.0,https://static-img.zz.pt/jogadores/65/160865_20220803213253_ivo_rodrigues.png,119622.0,388532.0,7.0,3.8,33.0,105.0,31.0,151.0,3.1,2.0,45.0,91.0,9.0,290.0,58.0,9.0,72.0,2369.0
Bilel Aouacheria,Gil-Vicente,7.0,https://static-img.zz.pt/jogadores/72/416972_20230227191302_bilel_aouacheria.png,345380.0,566403.0,1.0,0.7,5.0,13.0,7.0,22.0,1.2,1.0,24.0,25.0,3.0,73.0,21.0,10.0,25.0,747.0
André Vidigal,Maritimo,7.0,https://static-img.zz.pt/jogadores/15/474115_20220810204009_andre_vidigal.png,361831.0,819916.0,0.0,1.6,26.0,28.0,28.0,70.0,8.2,8.0,68.0,63.0,7.0,183.0,54.0,14.0,73.0,2572.0
Nigel Thomas,Pacos-de-Ferreira,7.0,https://static-img.zz.pt/jogadores/11/641211_20220808235514_nigel_thomas.jpg,444941.0,1012783.0,1.0,2.6,27.0,10.0,15.0,35.0,3.2,4.0,51.0,71.0,2.0,139.0,46.0,12.0,74.0,2027.0
Gabriel Veron,Porto,7.0,https://static-img.zz.pt/jogadores/59/635259_20220817115425_gabriel_veron.png,388685.0,1106898.0,2.0,2.0,9.0,6.0,5.0,16.0,1.3,0.0,16.0,23.0,5.0,47.0,9.0,7.0,19.0,405.0
Allano,Santa-Clara,7.0,https://static-img.zz.pt/jogadores/30/396230_20220803225817_allano.png,281935.0,646517.0,0.0,0.9,11.0,32.0,15.0,41.0,1.5,1.0,10.0,25.0,0.0,123.0,34.0,9.0,37.0,1132.0
Rúben Lameiras,Vitoria-de-Guimaraes,7.0,https://static-img.zz.pt/jogadores/66/275666_20220729164523_ruben_lameiras_1659109523.jpg,276037.0,627599.0,2.0,1.8,22.0,30.0,24.0,50.0,2.2,1.0,32.0,46.0,3.0,79.0,28.0,18.0,49.0,1131.0
Arsénio Nunes,Arouca,8.0,https://static-img.zz.pt/jogadores/13/98013_20220806113336_arsenio_nunes.png,96271.0,242904.0,2.0,2.2,17.0,13.0,10.0,31.0,0.6,0.0,10.0,31.0,2.0,77.0,15.0,6.0,26.0,975.0
Fredrik Aursnes,Benfica,8.0,https://static-img.zz.pt/jogadores/99/256199_20220916101715_fredrik_aursnes.jpg,303544.0,310768.0,4.0,3.1,27.0,161.0,34.0,202.0,4.2,2.0,22.0,75.0,9.0,262.0,39.0,7.0,48.0,2155.0
Bruno Lourenço,Boavista,8.0,https://static-img.zz.pt/jogadores/10/164910_20220819203831_bruno_lourenco.png,374830.0,1052464.0,1.0,2.7,29.0,52.0,14.0,83.0,3.3,4.0,27.0,57.0,5.0,178.0,26.0,6.0,30.0,1880.0
Al Musrati,Braga,8.0,https://static-img.zz.pt/jogadores/81/391681_20220803190842_al_musrati.jpg,381792.0,649945.0,2.0,2.9,22.0,174.0,12.0,193.0,1.5,3.0,27.0,51.0,5.0,399.0,21.0,0.0,12.0,2309.0
Ângelo Neto,Casa-Pia,8.0,https://static-img.zz.pt/jogadores/07/138107_20220913171048_angelo_neto.png,322631.0,304615.0,2.0,1.9,24.0,65.0,11.0,89.0,0.7,2.0,14.0,48.0,3.0,231.0,18.0,2.0,25.0,1534.0
João Mendes,Chaves,8.0,https://static-img.zz.pt/jogadores/95/209495_20220812232010_joao_mendes.png,362386.0,874318.0,1.0,2.8,41.0,104.0,25.0,165.0,4.5,2.0,45.0,103.0,6.0,219.0,36.0,6.0,58.0,2335.0
André Simões,Famalicao,8.0,https://static-img.zz.pt/jogadores/11/98011_20220803213144_andre_simoes.png,57579.0,97509.0,0.0,0.0,1.0,8.0,0.0,12.0,0.4,0.0,4.0,5.0,0.0,35.0,4.0,0.0,5.0,175.0
Giorgi Aburjania,Gil-Vicente,8.0,https://static-img.zz.pt/jogadores/00/205400_20220803185305_giorgi_aburjania.png,144360.0,463963.0,1.0,1.5,17.0,102.0,16.0,113.0,0.5,0.0,13.0,40.0,1.0,192.0,30.0,3.0,33.0,1608.0
Val Soares ,Maritimo,8.0,https://static-img.zz.pt/jogadores/02/547802_20230122195032_val_soares_.png,436558.0,845987.0,0.0,1.1,15.0,106.0,11.0,99.0,0.6,1.0,19.0,44.0,0.0,177.0,14.0,0.0,14.0,1216.0
Maurício,Portimonense,8.0,https://static-img.zz.pt/jogadores/23/983923__20230222074922_mauricio.jpg,36375.0,114860.0,1.0,0.3,5.0,15.0,4.0,21.0,1.0,1.0,9.0,13.0,1.0,66.0,7.0,0.0,2.0,582.0
Maurício,Portimonense,8.0,https://static-img.zz.pt/jogadores/23/983923__20230222074922_mauricio.jpg,36375.0,114860.0,0.0,0.2,6.0,41.0,4.0,51.0,0.6,3.0,8.0,21.0,1.0,149.0,6.0,0.0,2.0,993.0
Matheus Uribe,Porto,8.0,https://static-img.zz.pt/jogadores/65/252065_20220817115208_matheus_uribe.png,114301.0,320618.0,0.0,1.2,18.0,182.0,27.0,221.0,4.7,4.0,29.0,62.0,8.0,461.0,26.0,4.0,16.0,2455.0
Vítor Gomes,Rio-Ave,8.0,https://static-img.zz.pt/jogadores/06/25606_vitor_gomes.jpg,121776.0,112397.0,1.0,0.7,7.0,49.0,5.0,63.0,0.7,0.0,4.0,19.0,2.0,97.0,4.0,0.0,5.0,760.0
Tomás Händel,Vitoria-de-Guimaraes,8.0,https://static-img.zz.pt/jogadores/98/419398_20220729164523_tomas_handel_1659109523.jpg,422205.0,1125750.0,1.0,0.1,3.0,21.0,0.0,20.0,0.6,1.0,5.0,13.0,1.0,67.0,1.0,1.0,7.0,433.0
Raphael Guzzo,Vizela,8.0,https://static-img.zz.pt/jogadores/20/143920_20220813000424_raphael_guzzo.png,143050.0,500934.0,3.0,2.5,23.0,120.0,20.0,148.0,2.9,2.0,25.0,46.0,4.0,332.0,15.0,5.0,27.0,2355.0
Bruno Marques,Arouca,9.0,https://static-img.zz.pt/jogadores/36/628336_20220806113740_bruno_marques.png,406253.0,1206580.0,0.0,0.1,2.0,2.0,0.0,4.0,1.3,1.0,14.0,7.0,0.0,28.0,5.0,2.0,5.0,225.0
Róbert Bozeník,Boavista,9.0,https://static-img.zz.pt/jogadores/13/611213_20220817190828_robert_bozenik.jpg,376967.0,922622.0,1.0,0.4,12.0,7.0,1.0,13.0,3.4,4.0,35.0,27.0,3.0,34.0,5.0,6.0,9.0,969.0
Abel Ruiz,Braga,9.0,https://static-img.zz.pt/jogadores/29/511829_20220803192312_abel_ruiz.jpg,372828.0,748380.0,6.0,3.2,31.0,6.0,15.0,28.0,7.6,8.0,50.0,64.0,14.0,101.0,24.0,30.0,51.0,2074.0
Alejandro Marqués,Estoril,9.0,https://static-img.zz.pt/jogadores/22/584222_20220803214308_alejandro_marques.png,411017.0,929835.0,0.0,0.0,1.0,4.0,0.0,8.0,2.2,3.0,10.0,7.0,1.0,34.0,5.0,1.0,2.0,655.0
Leandro Sanca,Famalicao,9.0,https://static-img.zz.pt/jogadores/83/520183_20230210135459_leandro_sanca.png,395939.0,1165261.0,0.0,1.3,12.0,5.0,8.0,15.0,2.8,2.0,10.0,22.0,2.0,36.0,7.0,5.0,9.0,772.0
Leandro Sanca,Famalicao,9.0,https://static-img.zz.pt/jogadores/83/520183_20230210135459_leandro_sanca.png,395939.0,1165261.0,0.0,1.3,7.0,4.0,7.0,10.0,0.7,2.0,16.0,16.0,1.0,70.0,6.0,2.0,6.0,443.0
Fran Navarro,Gil-Vicente,9.0,https://static-img.zz.pt/jogadores/86/458086_20220803185535_fran_navarro.png,369398.0,671855.0,3.0,1.7,15.0,14.0,3.0,30.0,20.8,17.0,89.0,51.0,9.0,108.0,15.0,11.0,19.0,3031.0
Pablo Moreno,Maritimo,9.0,https://static-img.zz.pt/jogadores/98/486598_20220810205045_pablo_moreno.png,371582.0,1031050.0,2.0,1.2,15.0,8.0,3.0,18.0,0.5,0.0,8.0,27.0,6.0,57.0,20.0,3.0,23.0,891.0
Uilton Silva,Pacos-de-Ferreira,9.0,https://static-img.zz.pt/jogadores/80/267280_20220808234801_uilton_silva.jpg,380685.0,952234.0,1.0,2.3,18.0,15.0,16.0,32.0,1.5,1.0,18.0,37.0,2.0,124.0,21.0,5.0,40.0,1378.0
Mehdi Taremi,Porto,9.0,https://static-img.zz.pt/jogadores/31/408631_20220817115419_mehdi_taremi.png,358801.0,619506.0,7.0,6.4,46.0,52.0,32.0,87.0,20.0,22.0,88.0,92.0,18.0,149.0,43.0,29.0,65.0,2610.0
Leonardo Ruiz,Rio-Ave,9.0,https://static-img.zz.pt/jogadores/92/414392_20220813004714_leonardo_ruiz.png,342704.0,643447.0,0.0,0.4,8.0,12.0,2.0,18.0,2.0,4.0,22.0,20.0,1.0,48.0,7.0,1.0,8.0,929.0
Kyosuke Tagawa,Santa-Clara,9.0,https://static-img.zz.pt/jogadores/39/536739_20220803230134_kyosuke_tagawa.png,431984.0,802134.0,1.0,1.4,8.0,6.0,2.0,7.0,1.6,2.0,13.0,18.0,1.0,45.0,5.0,4.0,7.0,1192.0
Alisson Safira,Vitoria-de-Guimaraes,9.0,https://static-img.zz.pt/jogadores/57/494657_20221117111636_alisson_safira_1668683796.jpg,383185.0,793924.0,1.0,0.5,6.0,10.0,0.0,9.0,2.6,5.0,24.0,20.0,3.0,43.0,5.0,2.0,6.0,815.0
Milutin Osmajic,Vizela,9.0,https://static-img.zz.pt/jogadores/06/597106_20220813002907_milutin_osmajic.png,422766.0,936603.0,0.0,1.5,14.0,10.0,7.0,20.0,9.1,8.0,46.0,42.0,4.0,70.0,17.0,15.0,27.0,2041.0
Alan Ruiz,Arouca,10.0,https://static-img.zz.pt/jogadores/24/199524_20220806112631_alan_ruiz.png,125452.0,263707.0,2.0,4.4,39.0,126.0,29.0,174.0,2.8,3.0,67.0,86.0,8.0,224.0,45.0,4.0,39.0,2490.0
Miguel Reisinho,Boavista,10.0,https://static-img.zz.pt/jogadores/17/823917__20210920194041_miguel_reisinho.png,389065.0,872405.0,0.0,0.0,1.0,0.0,0.0,1.0,0.1,0.0,1.0,1.0,0.0,3.0,0.0,0.0,0.0,20.0
André Horta,Braga,10.0,https://static-img.zz.pt/jogadores/60/84960_20220803190732_andre_horta.jpg,322689.0,605507.0,4.0,2.9,37.0,178.0,33.0,196.0,1.9,1.0,40.0,109.0,12.0,241.0,59.0,8.0,66.0,2075.0
Diogo Pinto,Casa-Pia,10.0,https://static-img.zz.pt/jogadores/83/75383_20220913170342_diogo_pinto.png,444769.0,1080682.0,2.0,0.4,7.0,12.0,2.0,15.0,0.7,0.0,4.0,16.0,3.0,37.0,5.0,0.0,4.0,459.0
João Teixeira,Chaves,10.0,https://static-img.zz.pt/jogadores/47/74947_20220812232050_joao_teixeira.png,255627.0,488140.0,4.0,4.4,64.0,163.0,39.0,214.0,6.7,5.0,75.0,145.0,7.0,311.0,72.0,11.0,75.0,2733.0
Francisco Geraldes,Estoril,10.0,https://static-img.zz.pt/jogadores/19/80619_20220803214706_francisco_geraldes.png,142746.0,522640.0,4.0,2.0,37.0,79.0,21.0,103.0,5.4,4.0,35.0,84.0,8.0,186.0,44.0,2.0,39.0,1829.0
Iván Jaime,Famalicao,10.0,https://static-img.zz.pt/jogadores/53/657353_20220803213155_ivan_jaime.png,402892.0,1009832.0,3.0,3.0,33.0,48.0,23.0,100.0,5.8,9.0,71.0,96.0,7.0,144.0,45.0,15.0,72.0,1869.0
Kanya Fujimoto,Gil-Vicente,10.0,https://static-img.zz.pt/jogadores/90/624590_20220803185223_kanya_fujimoto.png,402797.0,924315.0,3.0,4.2,51.0,97.0,36.0,139.0,1.6,0.0,24.0,91.0,3.0,186.0,29.0,13.0,46.0,2619.0
Stefano Beltrame,Maritimo,10.0,https://static-img.zz.pt/jogadores/26/194126_20220810203719_stefano_beltrame.png,123359.0,421148.0,0.0,0.8,17.0,29.0,6.0,49.0,0.5,0.0,17.0,41.0,1.0,101.0,16.0,4.0,15.0,1056.0
Nico Gaitán,Pacos-de-Ferreira,10.0,https://static-img.zz.pt/jogadores/66/67466_20220808235109_nico_gaitan.jpg,70735.0,164031.0,3.0,3.4,43.0,59.0,31.0,81.0,3.3,3.0,36.0,75.0,6.0,146.0,38.0,3.0,32.0,1794.0
Amine Oudrhiri,Rio-Ave,10.0,https://static-img.zz.pt/jogadores/05/280505_20220803215749_amine_oudrhiri.png,149468.0,492157.0,0.0,0.1,6.0,40.0,1.0,47.0,0.1,0.0,2.0,14.0,1.0,81.0,7.0,0.0,12.0,781.0
Ricardinho,Santa-Clara,10.0,https://static-img.zz.pt/jogadores/22/284422_20220803230007_ricardinho.png,422200.0,1195451.0,3.0,2.3,21.0,33.0,22.0,60.0,1.3,0.0,20.0,52.0,9.0,169.0,31.0,11.0,45.0,1803.0
Marcus Edwards,Sporting,10.0,https://static-img.zz.pt/jogadores/96/429596_20220907200635_marcus_edwards.png,279177.0,637744.0,5.0,8.0,56.0,60.0,51.0,141.0,6.5,7.0,52.0,127.0,18.0,131.0,75.0,51.0,110.0,2252.0
Tiago Silva,Vitoria-de-Guimaraes,10.0,https://static-img.zz.pt/jogadores/09/143909_20220729164522_tiago_silva_1659109522.jpg,135638.0,422812.0,1.0,2.7,36.0,125.0,15.0,160.0,4.2,5.0,25.0,69.0,5.0,260.0,22.0,3.0,21.0,2097.0
Kiko Bondoso,Vizela,10.0,https://static-img.zz.pt/jogadores/64/370064_20220813001134_kiko_bondoso.png,421843.0,1150871.0,3.0,4.5,50.0,76.0,37.0,117.0,3.1,2.0,34.0,95.0,7.0,237.0,52.0,20.0,73.0,2842.0
Antony Alves,Arouca,11.0,https://static-img.zz.pt/jogadores/91/652791_20220806113657_antony_alves.png,428999.0,1248736.0,1.0,2.6,29.0,31.0,16.0,57.0,9.0,6.0,52.0,65.0,9.0,263.0,50.0,16.0,52.0,2375.0
Yusupha Njie,Boavista,11.0,https://static-img.zz.pt/jogadores/73/919073__20220805143311_yusupha_njie.png,342705.0,618933.0,2.0,2.0,18.0,23.0,15.0,45.0,13.1,13.0,71.0,47.0,3.0,134.0,18.0,14.0,36.0,2124.0
Rafael Martins,Casa-Pia,11.0,https://static-img.zz.pt/jogadores/33/152533_20220913170358_rafael_martins.png,135347.0,211118.0,1.0,0.8,12.0,22.0,1.0,24.0,5.0,6.0,37.0,27.0,3.0,89.0,9.0,3.0,13.0,1431.0
Cassiano,Estoril,11.0,https://static-img.zz.pt/jogadores/51/976651__20230131161051_cassiano.jpg,119543.0,387525.0,0.0,0.2,4.0,2.0,2.0,8.0,2.7,2.0,13.0,9.0,0.0,48.0,4.0,2.0,7.0,898.0
Dele Yusuf ,Estoril,11.0,https://static-img.zz.pt/jogadores/68/970368__20230116084807_dele_yusuf.jpg,119543.0,387525.0,0.0,0.2,4.0,2.0,2.0,8.0,2.7,2.0,13.0,9.0,0.0,48.0,4.0,2.0,7.0,898.0
Pedro Brazão,Famalicao,11.0,https://static-img.zz.pt/jogadores/51/632951_20211006171737_pedro_brazao.png,373108.0,1042074.0,0.0,0.4,4.0,9.0,7.0,18.0,0.2,0.0,7.0,15.0,0.0,33.0,9.0,3.0,8.0,304.0
Marlon Douglas,Gil-Vicente,11.0,https://static-img.zz.pt/jogadores/04/447604_20230227191247_marlon_douglas.png,367012.0,989457.0,0.0,0.4,6.0,4.0,6.0,17.0,1.0,0.0,7.0,10.0,0.0,41.0,10.0,1.0,12.0,375.0
Marlon Douglas,Gil-Vicente,11.0,https://static-img.zz.pt/jogadores/04/447604_20230227191247_marlon_douglas.png,367012.0,989457.0,0.0,0.0,0.0,2.0,0.0,5.0,0.1,0.0,2.0,1.0,0.0,4.0,0.0,0.0,2.0,33.0
Jesús Ramírez,Maritimo,11.0,https://static-img.zz.pt/jogadores/36/503436_20220810204911_jesus_ramirez.png,444682.0,1075457.0,0.0,0.1,3.0,4.0,2.0,7.0,1.8,1.0,21.0,12.0,0.0,33.0,7.0,5.0,7.0,583.0
Fábio Gomes,Pacos-de-Ferreira,11.0,https://static-img.zz.pt/jogadores/88/456188_20230214184054_fabio_gomes.png,413728.0,1033153.0,0.0,0.1,3.0,4.0,1.0,6.0,0.5,0.0,5.0,3.0,0.0,28.0,4.0,7.0,8.0,273.0
Fábio Gomes,Pacos-de-Ferreira,11.0,https://static-img.zz.pt/jogadores/88/456188_20230214184054_fabio_gomes.png,413728.0,1033153.0,1.0,0.4,4.0,2.0,1.0,6.0,1.2,0.0,8.0,6.0,0.0,18.0,4.0,3.0,4.0,271.0
Anderson Oliveira,Portimonense,11.0,https://static-img.zz.pt/jogadores/51/560651_20220808160213_anderson_oliveira_1659970933.jpg,383619.0,1047931.0,0.0,1.0,8.0,10.0,6.0,16.0,0.5,0.0,9.0,19.0,0.0,31.0,12.0,2.0,11.0,376.0
Pepê,Porto,11.0,https://static-img.zz.pt/jogadores/58/474258_20220817115427_pepe.png,338791.0,850356.0,7.0,4.5,36.0,93.0,40.0,136.0,5.1,4.0,34.0,94.0,16.0,329.0,77.0,28.0,101.0,2642.0
Bruno Ventura,Rio-Ave,11.0,https://static-img.zz.pt/jogadores/73/166273_20220803220209_bruno_ventura.png,447218.0,1355755.0,0.0,0.0,1.0,2.0,1.0,2.0,0.1,0.0,2.0,4.0,0.0,3.0,5.0,0.0,2.0,96.0
João Costinha,Santa-Clara,11.0,https://static-img.zz.pt/jogadores/53/74753_20220728173241_joao_costinha.png,322764.0,362661.0,0.0,0.4,7.0,17.0,4.0,22.0,0.8,0.0,14.0,18.0,1.0,56.0,9.0,3.0,7.0,676.0
Nuno Santos,Sporting,11.0,https://static-img.zz.pt/jogadores/73/160873_20220907200736_nuno_santos.png,296364.0,554283.0,5.0,7.5,53.0,75.0,51.0,143.0,4.7,8.0,50.0,91.0,7.0,219.0,61.0,28.0,93.0,2267.0
Jota Silva,Vitoria-de-Guimaraes,11.0,https://static-img.zz.pt/jogadores/62/564162_20220729164828_jota_silva_1659109708.jpg,444826.0,1114798.0,2.0,2.3,25.0,15.0,14.0,31.0,4.3,2.0,42.0,45.0,5.0,183.0,45.0,20.0,55.0,1599.0
Alexander Schmidt,Vizela,11.0,https://static-img.zz.pt/jogadores/21/491421_20230227190730_alexander_schmidt.png,320157.0,768375.0,0.0,0.7,5.0,5.0,3.0,7.0,1.3,0.0,14.0,11.0,0.0,22.0,5.0,1.0,1.0,321.0
de Arruabarrena,Arouca,12.0,https://static-img.zz.pt/jogadores/35/456135_20220806110915_de_arruabarrena.png,444506.0,,1.0,0.4,3.0,16.0,1.0,0.0,0.0,0.0,0.0,4.0,1.0,44.0,0.0,0.0,0.0,2699.0
César,Boavista,12.0,https://static-img.zz.pt/jogadores/60/132360_20220819203618_cesar.png,101341.0,,0.0,0.0,0.0,0.0,0.0,0.0,0.0,0.0,0.0,1.0,0.0,5.0,0.0,0.0,0.0,450.0
Tiago Sá,Braga,12.0,https://static-img.zz.pt/jogadores/98/167098_20220803190203_tiago_sa.jpg,143021.0,,0.0,0.0,0.0,0.0,0.0,0.0,0.0,0.0,0.0,0.0,0.0,4.0,0.0,0.0,0.0,167.0
Duplexe Tchamba,Casa-Pia,12.0,https://static-img.zz.pt/jogadores/37/637237_20220913170751_duplexe_tchamba.png,,834641.0,0.0,0.0,1.0,10.0,1.0,16.0,0.2,0.0,5.0,3.0,0.0,66.0,1.0,0.0,4.0,388.0
Sandro Cruz,Chaves,12.0,https://static-img.zz.pt/jogadores/79/423979_20220812233019_sandro_cruz.png,437686.0,1045565.0,1.0,0.2,3.0,17.0,4.0,22.0,0.8,0.0,3.0,13.0,3.0,86.0,5.0,1.0,8.0,532.0
Gustavo Assunção,Famalicao,12.0,https://static-img.zz.pt/jogadores/95/518495_20220803213125_gustavo_assuncao.png,372842.0,1039551.0,1.0,0.8,8.0,36.0,3.0,42.0,0.1,1.0,3.0,15.0,1.0,139.0,10.0,1.0,14.0,954.0
Brian Araújo,Gil-Vicente,12.0,https://static-img.zz.pt/jogadores/46/474446_20220803183758_brian_araujo.png,408589.0,,,,,,,,,,,,,,,,,
Edgar Costa,Maritimo,12.0,https://static-img.zz.pt/jogadores/09/110909_20220810204607_edgar_costa.png,121726.0,184590.0,1.0,1.6,10.0,25.0,4.0,32.0,1.0,0.0,11.0,17.0,3.0,49.0,6.0,0.0,7.0,475.0
Zaidu Sanusi,Porto,12.0,https://static-img.zz.pt/jogadores/53/526053_20220817115014_zaidu_sanusi.png,381717.0,1079056.0,0.0,1.2,12.0,22.0,14.0,52.0,0.3,0.0,6.0,23.0,0.0,124.0,21.0,2.0,27.0,1049.0
Gabriel Batista,Santa-Clara,12.0,https://static-img.zz.pt/jogadores/34/484834_20221008152529_gabriel_batista.jpg,337629.0,,0.0,0.1,1.0,28.0,1.0,0.0,0.0,0.0,0.0,9.0,1.0,47.0,0.0,0.0,0.0,2340.0
Franco Israel,Sporting,12.0,https://static-img.zz.pt/jogadores/67/556067_20220907200202_franco_israel.png,406957.0,,0.0,0.0,0.0,0.0,0.0,0.0,0.0,0.0,0.0,0.0,0.0,3.0,0.0,0.0,0.0,270.0
João Basso,Arouca,13.0,https://static-img.zz.pt/jogadores/50/491950_20220806111926_joao_basso.png,326486.0,793033.0,1.0,0.5,5.0,78.0,4.0,81.0,3.6,3.0,11.0,21.0,1.0,490.0,7.0,0.0,9.0,2845.0
Masaki Watai,Boavista,13.0,https://static-img.zz.pt/jogadores/31/624731_20220817195852_masaki_watai.jpg,446996.0,924305.0,1.0,1.0,11.0,10.0,11.0,26.0,0.3,1.0,4.0,19.0,2.0,37.0,5.0,2.0,13.0,519.0
Vasco Fernandes,Casa-Pia,13.0,https://static-img.zz.pt/jogadores/60/8760_20220913171132_vasco_fernandes.png,120734.0,102626.0,0.0,0.4,6.0,58.0,2.0,52.0,0.5,0.0,5.0,20.0,0.0,359.0,2.0,1.0,4.0,2471.0
Pedro Silva,Estoril,13.0,https://static-img.zz.pt/jogadores/29/970329__20230116083258_pedro_silva.png,361808.0,,0.0,0.0,0.0,1.0,0.0,0.0,0.0,0.0,0.0,0.0,0.0,1.0,0.0,0.0,0.0,203.0
Otávio,Famalicao,13.0,https://static-img.zz.pt/jogadores/56/687156_20230210135354_otavio.png,402207.0,,0.0,0.1,3.0,22.0,1.0,21.0,0.4,0.0,7.0,10.0,1.0,105.0,0.0,0.0,2.0,707.0
Gabriel Pereira,Gil-Vicente,13.0,https://static-img.zz.pt/jogadores/08/693308_20230227190920_gabriel_pereira.png,,1288187.0,0.0,0.3,1.0,12.0,1.0,10.0,0.1,0.0,2.0,5.0,1.0,73.0,1.0,0.0,0.0,415.0
Wenderson Galeno,Porto,13.0,https://static-img.zz.pt/jogadores/90/505790_20220817115429_wenderson_galeno.png,347204.0,776972.0,3.0,4.7,42.0,16.0,40.0,54.0,9.2,8.0,71.0,105.0,12.0,208.0,61.0,63.0,128.0,1998.0
Diogo Calila,Santa-Clara,13.0,https://static-img.zz.pt/jogadores/03/164903_20221002175242_diogo_calila.png,369083.0,1014983.0,0.0,0.2,3.0,13.0,2.0,14.0,0.1,0.0,2.0,6.0,0.0,89.0,16.0,1.0,18.0,652.0
Luís Neto,Sporting,13.0,https://static-img.zz.pt/jogadores/25/28825_20220907200353_luis_neto.png,70953.0,164319.0,0.0,0.0,0.0,17.0,0.0,17.0,0.0,0.0,1.0,1.0,0.0,34.0,1.0,0.0,3.0,274.0
André Amaro,Vitoria-de-Guimaraes,13.0,https://static-img.zz.pt/jogadores/70/602170_20220729164828_andre_amaro_1659109708.jpg,408432.0,1218555.0,1.0,0.2,5.0,61.0,2.0,77.0,1.9,1.0,13.0,18.0,2.0,372.0,14.0,0.0,22.0,2361.0
Luiz Felipe,Vizela,13.0,https://static-img.zz.pt/jogadores/11/632611_20220813002620_luiz_felipe.png,422229.0,,0.0,0.0,0.0,0.0,0.0,0.0,0.0,0.0,0.0,0.0,0.0,3.0,0.0,0.0,0.0,90.0
Uri Busquets ,Arouca,14.0,https://static-img.zz.pt/jogadores/62/478262_20220806112513_uri_busquets_.png,347640.0,873294.0,0.0,0.1,5.0,49.0,4.0,38.0,0.1,0.0,2.0,20.0,1.0,158.0,11.0,0.0,2.0,1160.0
Álvaro Djaló,Braga,14.0,https://static-img.zz.pt/jogadores/01/585801_20220803192341_alvaro_djalo.jpg,444806.0,1355668.0,4.0,2.0,15.0,15.0,10.0,22.0,1.7,2.0,28.0,33.0,6.0,88.0,17.0,15.0,28.0,638.0
Takahiro Kunimoto,Casa-Pia,14.0,https://static-img.zz.pt/jogadores/58/385758_20220913170034_takahiro_kunimoto.png,444767.0,648371.0,2.0,2.1,24.0,43.0,8.0,58.0,1.2,1.0,15.0,44.0,5.0,120.0,15.0,3.0,16.0,1269.0
Sidy Sarr,Chaves,14.0,https://static-img.zz.pt/jogadores/01/462101_20220916080558_sidy_sarr.png,381662.0,643664.0,0.0,0.0,0.0,3.0,1.0,8.0,0.0,0.0,0.0,1.0,0.0,24.0,1.0,0.0,1.0,118.0
Junior Kadile,Famalicao,14.0,https://static-img.zz.pt/jogadores/11/754011_20220803213418_junior_kadile.png,432217.0,1334534.0,0.0,0.5,6.0,6.0,6.0,11.0,1.5,1.0,17.0,15.0,2.0,64.0,22.0,8.0,33.0,662.0
Roan Wilson ,Gil-Vicente,14.0,https://static-img.zz.pt/jogadores/58/987358_20230227190955_roan_wilson_.jpg,457068.0,1084254.0,0.0,0.0,0.0,3.0,1.0,6.0,0.0,0.0,1.0,3.0,0.0,20.0,1.0,0.0,2.0,117.0
Moustapha Seck,Portimonense,14.0,https://static-img.zz.pt/jogadores/84/364884_20220808161153_moustapha_seck_1659971513.jpg,297006.0,662588.0,1.0,2.6,20.0,45.0,24.0,62.0,0.5,0.0,13.0,49.0,3.0,275.0,44.0,4.0,54.0,2243.0
Cláudio Ramos,Porto,14.0,https://static-img.zz.pt/jogadores/26/97926_20220817114953_claudio_ramos.png,322683.0,,0.0,0.0,0.0,0.0,0.0,0.0,0.0,0.0,0.0,0.0,0.0,2.0,0.0,0.0,0.0,90.0
Joca,Rio-Ave,14.0,https://static-img.zz.pt/jogadores/47/74647_20220803215847_joca.png,315474.0,566470.0,1.0,0.2,2.0,7.0,5.0,19.0,0.3,0.0,8.0,8.0,1.0,30.0,12.0,2.0,8.0,416.0
Bruno Varela,Vitoria-de-Guimaraes,14.0,https://static-img.zz.pt/jogadores/38/74938_20220729164522_bruno_varela_1659109522.jpg,107158.0,,1.0,0.9,2.0,14.0,0.0,0.0,0.0,0.0,0.0,8.0,1.0,53.0,0.0,0.0,0.0,2430.0
Igor Julião,Vizela,14.0,https://static-img.zz.pt/jogadores/27/264027_20220813002655_igor_juliao_.png,118380.0,363485.0,1.0,0.8,13.0,37.0,13.0,44.0,0.3,1.0,7.0,22.0,1.0,194.0,27.0,1.0,28.0,1614.0
Oday Dabbagh,Arouca,15.0,https://static-img.zz.pt/jogadores/14/560114_20220515210637_oday_dabbagh.jpg,423912.0,855623.0,0.0,1.0,10.0,7.0,5.0,16.0,5.7,7.0,23.0,28.0,2.0,45.0,7.0,8.0,16.0,915.0
Gonçalo Guedes,Benfica,15.0,https://static-img.zz.pt/jogadores/80/977380__20230202130924_goncalo_guedes.png,247995.0,536455.0,1.0,1.3,9.0,3.0,11.0,20.0,0.9,1.0,15.0,20.0,4.0,32.0,7.0,8.0,21.0,409.0
Paulo Oliveira,Braga,15.0,https://static-img.zz.pt/jogadores/11/950211__20221027122227_paulo_oliveira.jpg,83475.0,193927.0,0.0,0.2,1.0,46.0,0.0,47.0,0.3,0.0,4.0,6.0,0.0,244.0,4.0,0.0,2.0,1479.0
Fernando Varela,Casa-Pia,15.0,https://static-img.zz.pt/jogadores/45/76645_20220913170520_fernando_varela.png,136355.0,163665.0,0.0,0.2,2.0,56.0,4.0,49.0,1.6,1.0,15.0,15.0,1.0,290.0,6.0,0.0,8.0,2030.0
Riccieli,Famalicao,15.0,https://static-img.zz.pt/jogadores/35/487235_20220803213603_riccieli.png,380619.0,1033147.0,0.0,0.7,5.0,27.0,2.0,45.0,0.5,0.0,12.0,14.0,2.0,374.0,2.0,1.0,4.0,2586.0
Carraça,Gil-Vicente,15.0,https://static-img.zz.pt/jogadores/97/220497_20220803184442_carraca.png,322735.0,569037.0,2.0,2.6,29.0,67.0,20.0,91.0,0.5,0.0,19.0,71.0,4.0,216.0,18.0,1.0,29.0,1856.0
Renê Santos,Maritimo,15.0,https://static-img.zz.pt/jogadores/68/146368_20230214183732_rene_santos.png,300848.0,312199.0,1.0,0.5,6.0,31.0,0.0,31.0,0.5,1.0,7.0,11.0,0.0,172.0,3.0,0.0,1.0,1091.0
Juan Delgado,Pacos-de-Ferreira,15.0,https://static-img.zz.pt/jogadores/12/245612_20220808234709_juan_delgado.jpg,110341.0,304625.0,1.0,3.4,28.0,94.0,41.0,120.0,0.7,0.0,14.0,74.0,7.0,324.0,55.0,8.0,101.0,2690.0
Yony González,Portimonense,15.0,https://static-img.zz.pt/jogadores/26/983926__20230222074922_yony_gonzalez.jpg,373524.0,496944.0,1.0,1.0,13.0,9.0,8.0,21.0,0.6,0.0,11.0,23.0,0.0,80.0,10.0,7.0,12.0,969.0
Miguel Baeza,Rio-Ave,15.0,https://static-img.zz.pt/jogadores/58/593758_20220918011945_miguel_baeza.png,399951.0,1088053.0,1.0,1.1,12.0,34.0,7.0,42.0,0.8,0.0,14.0,31.0,4.0,88.0,17.0,2.0,26.0,1077.0
Manuel Ugarte,Sporting,15.0,https://static-img.zz.pt/jogadores/14/544014_20220907200536_manuel_ugarte.png,408962.0,1035614.0,0.0,0.6,15.0,110.0,7.0,120.0,0.7,0.0,19.0,54.0,4.0,483.0,36.0,1.0,32.0,2352.0
Monsuru Opeyemi,Vizela,15.0,https://static-img.zz.pt/jogadores/04/762404_20220813001006_monsuru_opeyemi.png,444577.0,1393417.0,,,,,,,,,,,,,,,,
Thiago Rodrigues,Arouca,16.0,https://static-img.zz.pt/jogadores/44/135844_20220803213730_thiago_rodrigues_.png,349664.0,,0.0,0.0,0.0,0.0,0.0,0.0,0.0,0.0,0.0,0.0,0.0,1.0,0.0,0.0,0.0,90.0
Joel Silva,Boavista,16.0,https://static-img.zz.pt/jogadores/67/919067__20220805143221_joel_silva.png,444820.0,1393748.0,0.0,0.0,1.0,4.0,0.0,4.0,0.0,0.0,0.0,3.0,1.0,9.0,0.0,0.0,0.0,101.0
Cuca,Casa-Pia,16.0,https://static-img.zz.pt/jogadores/39/158639_20220913170453_cuca.png,444773.0,955781.0,0.0,0.0,1.0,22.0,0.0,29.0,0.1,0.0,3.0,12.0,1.0,84.0,5.0,1.0,3.0,391.0
Euller Silva,Chaves,16.0,https://static-img.zz.pt/jogadores/14/269014_20220812234559_euller.png,132504.0,477362.0,0.0,1.1,18.0,17.0,14.0,28.0,2.6,1.0,18.0,51.0,5.0,107.0,12.0,10.0,26.0,1065.0
André Simões,Gil-Vicente,16.0,https://static-img.zz.pt/jogadores/15/534215_20230227191019_andre_simoes.png,449330.0,1395223.0,0.0,0.0,0.0,4.0,0.0,5.0,0.0,0.0,0.0,2.0,0.0,1.0,0.0,0.0,1.0,16.0
Diogo Mendes,Maritimo,16.0,https://static-img.zz.pt/jogadores/13/164913_20220810203547_diogo_mendes.png,422003.0,824661.0,0.0,0.6,8.0,50.0,7.0,54.0,0.3,0.0,5.0,20.0,0.0,140.0,9.0,4.0,13.0,1229.0
Matchoi Djaló,Pacos-de-Ferreira,16.0,https://static-img.zz.pt/jogadores/52/624952_20220808235701_matchoi_djalo.jpg,380686.0,1069628.0,0.0,1.1,19.0,30.0,7.0,39.0,1.5,1.0,37.0,56.0,1.0,129.0,18.0,4.0,22.0,1301.0
Marko Grujic,Porto,16.0,https://static-img.zz.pt/jogadores/94/348694_20220817115159_marko_grujic.png,244779.0,463284.0,0.0,1.2,10.0,74.0,6.0,103.0,1.2,1.0,17.0,31.0,2.0,201.0,18.0,2.0,21.0,1126.0
Sávio,Rio-Ave,16.0,https://static-img.zz.pt/jogadores/10/444110_20220803171618_savio.jpg,410287.0,1043436.0,1.0,0.5,6.0,18.0,4.0,26.0,0.0,0.0,0.0,11.0,1.0,59.0,9.0,0.0,14.0,322.0
Paulo Henrique,Santa-Clara,16.0,https://static-img.zz.pt/jogadores/08/364308_20220803225638_paulo_henrique.png,143035.0,522771.0,1.0,1.0,10.0,50.0,11.0,61.0,0.6,0.0,8.0,16.0,0.0,157.0,8.0,1.0,18.0,1427.0
Rochinha,Sporting,16.0,https://static-img.zz.pt/jogadores/97/218297_20220907200753_rochinha.png,260785.0,554285.0,2.0,1.1,7.0,16.0,12.0,26.0,1.7,1.0,16.0,14.0,3.0,28.0,11.0,7.0,14.0,432.0
Matheus Pereira,Vizela,16.0,https://static-img.zz.pt/jogadores/77/627277_20220813002758_matheus_pereira.png,447246.0,1187623.0,2.0,1.0,7.0,24.0,10.0,34.0,0.2,1.0,2.0,16.0,2.0,114.0,14.0,2.0,23.0,808.0
Yaw Moses,Arouca,17.0,https://static-img.zz.pt/jogadores/34/582534_20220806112929_yaw_moses.png,444507.0,866504.0,0.0,0.2,1.0,11.0,0.0,10.0,0.0,0.0,1.0,2.0,0.0,44.0,2.0,0.0,0.0,311.0
Joe Mendes,Braga,17.0,https://static-img.zz.pt/jogadores/15/881615_20220412094738_joe_mendes.jpg,439440.0,1284496.0,0.0,0.1,1.0,4.0,1.0,7.0,0.1,1.0,1.0,2.0,0.0,23.0,6.0,2.0,7.0,186.0
Romário Baró,Casa-Pia,17.0,https://static-img.zz.pt/jogadores/70/371770_20220913170847_romario_baro.png,380656.0,917008.0,1.0,1.7,12.0,23.0,6.0,38.0,0.6,0.0,12.0,31.0,3.0,112.0,12.0,3.0,15.0,933.0
Issah Abass,Chaves,17.0,https://static-img.zz.pt/jogadores/71/555871_20221029230351_issah_abass.png,364014.0,825965.0,0.0,0.9,9.0,17.0,15.0,31.0,3.5,4.0,35.0,36.0,4.0,108.0,20.0,15.0,31.0,1372.0
Rui Fonte,Famalicao,17.0,https://static-img.zz.pt/jogadores/57/10657_20220803213553_rui_fonte.png,69742.0,159598.0,0.0,0.1,3.0,4.0,2.0,12.0,0.7,1.0,7.0,8.0,0.0,30.0,7.0,0.0,2.0,460.0
Kevin Medina,Gil-Vicente,17.0,https://static-img.zz.pt/jogadores/62/842362_20220803185642_kevin_villodres_.png,444939.0,1213117.0,0.0,0.7,13.0,17.0,14.0,30.0,1.1,0.0,25.0,37.0,2.0,97.0,32.0,13.0,39.0,735.0
Félix Correia,Maritimo,17.0,https://static-img.zz.pt/jogadores/91/132191_20220417133104_felix_correia.jpg,412831.0,942358.0,3.0,2.0,23.0,30.0,14.0,45.0,1.9,2.0,17.0,39.0,5.0,57.0,9.0,15.0,28.0,757.0
Adrián Butzke,Pacos-de-Ferreira,17.0,https://static-img.zz.pt/jogadores/74/649974_20220514123247_adrian_butzke.jpg,427566.0,1102246.0,1.0,1.6,21.0,23.0,10.0,28.0,6.3,6.0,54.0,29.0,2.0,66.0,13.0,6.0,13.0,1335.0
Ricardo Matos,Portimonense,17.0,https://static-img.zz.pt/jogadores/52/166252_20220808161152_ricardo_matos_1659971512.jpg,432109.0,1084018.0,0.0,0.2,2.0,2.0,1.0,3.0,2.0,1.0,9.0,7.0,1.0,17.0,4.0,2.0,5.0,295.0
Rodrigo Conceição,Porto,17.0,https://static-img.zz.pt/jogadores/26/376426_20220817115002_rodrigo_conceicao.png,422950.0,980264.0,0.0,1.3,9.0,8.0,15.0,15.0,0.0,0.0,1.0,14.0,0.0,83.0,16.0,5.0,29.0,547.0
Ukra,Rio-Ave,17.0,https://static-img.zz.pt/jogadores/91/37091_20220803215711_ukra.png,57553.0,40955.0,2.0,1.0,7.0,16.0,6.0,21.0,0.1,0.0,2.0,16.0,3.0,37.0,8.0,2.0,9.0,367.0
Francisco Trincão,Sporting,17.0,https://static-img.zz.pt/jogadores/56/500256_20220907200643_francisco_trincao.png,368409.0,732282.0,2.0,3.8,46.0,78.0,27.0,110.0,8.6,10.0,63.0,94.0,13.0,157.0,59.0,34.0,89.0,2206.0
André Silva,Vitoria-de-Guimaraes,17.0,https://static-img.zz.pt/jogadores/33/599033_20220729164828_andre_silva_1659109708.jpg,351703.0,919919.0,1.0,2.8,21.0,32.0,5.0,43.0,4.8,6.0,51.0,41.0,1.0,120.0,19.0,14.0,39.0,1749.0
Matías Lacava,Vizela,17.0,https://static-img.zz.pt/jogadores/90/642190_20230214183847_matias_lacava.png,426885.0,1083325.0,0.0,0.1,1.0,8.0,1.0,6.0,1.7,1.0,10.0,5.0,0.0,43.0,6.0,3.0,17.0,353.0
Matías Lacava,Vizela,17.0,https://static-img.zz.pt/jogadores/90/642190_20230214183847_matias_lacava.png,426885.0,1083325.0,0.0,0.3,3.0,9.0,0.0,5.0,0.2,0.0,6.0,3.0,0.0,47.0,1.0,1.0,4.0,257.0
Benji Michel,Arouca,18.0,https://static-img.zz.pt/jogadores/26/710026_20230227185936_benji_michel.png,371972.0,1026086.0,1.0,1.0,2.0,4.0,0.0,4.0,0.4,1.0,4.0,5.0,3.0,27.0,5.0,0.0,4.0,282.0
Ilija Vukotic,Boavista,18.0,https://static-img.zz.pt/jogadores/68/919068__20220805143222_ilija_vukotic.png,423602.0,625337.0,0.0,0.1,3.0,9.0,2.0,18.0,0.1,0.0,2.0,8.0,2.0,58.0,5.0,0.0,5.0,404.0
David Tavares,Famalicao,18.0,https://static-img.zz.pt/jogadores/02/377102_20230210135426_david_tavares.png,383692.0,824665.0,0.0,0.0,0.0,0.0,0.0,2.0,0.0,0.0,0.0,0.0,0.0,8.0,0.0,0.0,1.0,47.0
Tiago Ribeiro,Pacos-de-Ferreira,18.0,https://static-img.zz.pt/jogadores/12/528212_20230227190206_tiago_ribeiro.png,,1331118.0,0.0,0.1,2.0,8.0,4.0,9.0,0.1,0.0,3.0,5.0,1.0,21.0,2.0,0.0,1.0,176.0
Fahd Moufi,Portimonense,18.0,https://static-img.zz.pt/jogadores/73/375173_20220808160942_fahd_moufi_1659971382.jpg,308886.0,561199.0,2.0,2.8,33.0,65.0,31.0,78.0,1.3,1.0,17.0,69.0,5.0,343.0,35.0,9.0,57.0,2635.0
Wilson Manafá,Porto,18.0,https://static-img.zz.pt/jogadores/42/241542_20220817115002_wilson_manafa.png,342701.0,522643.0,0.0,0.1,1.0,13.0,9.0,15.0,0.0,0.0,0.0,7.0,2.0,40.0,7.0,2.0,10.0,308.0
Jhonatan Luiz,Rio-Ave,18.0,https://static-img.zz.pt/jogadores/30/264030_20220803215014_jhonatan_luiz.png,284656.0,,0.0,0.1,1.0,7.0,0.0,0.0,0.0,0.0,0.0,5.0,1.0,46.0,0.0,0.0,0.0,2880.0
Fatawu Issahaku,Sporting,18.0,https://static-img.zz.pt/jogadores/44/852744_20220907200655_fatawu_issahaku.png,430985.0,1265626.0,0.0,0.1,1.0,1.0,2.0,4.0,0.4,0.0,4.0,6.0,2.0,11.0,3.0,4.0,8.0,118.0
Rafa Mujica,Arouca,19.0,https://static-img.zz.pt/jogadores/04/502904_20220806113820_rafa_mujica.png,315692.0,741103.0,0.0,1.0,12.0,5.0,3.0,11.0,8.0,8.0,57.0,31.0,3.0,97.0,16.0,9.0,18.0,1633.0
Casper Tengstedt,Benfica,19.0,https://static-img.zz.pt/jogadores/75/544075_20230201135300_casper_tengstedt.jpg,426271.0,1102240.0,0.0,0.0,0.0,0.0,1.0,0.0,0.0,0.0,1.0,1.0,0.0,1.0,0.0,0.0,0.0,24.0
Ricardo Mangas,Boavista,19.0,https://static-img.zz.pt/jogadores/09/164909_20220819203526_ricardo_mangas.png,389108.0,824655.0,1.0,3.2,20.0,29.0,17.0,53.0,5.1,4.0,27.0,42.0,5.0,153.0,30.0,11.0,40.0,1854.0
Uros Racic,Braga,19.0,https://static-img.zz.pt/jogadores/18/933718__20220916093534_uros_racic.png,346183.0,764624.0,0.0,0.3,8.0,74.0,3.0,75.0,2.2,1.0,26.0,29.0,0.0,180.0,8.0,2.0,16.0,1120.0
Nermin Zolotic,Casa-Pia,19.0,https://static-img.zz.pt/jogadores/09/212409_20220913170145_nermin_zolotic.png,105686.0,280443.0,0.0,0.6,14.0,93.0,9.0,114.0,0.2,0.0,6.0,25.0,1.0,347.0,12.0,0.0,19.0,2186.0
Steven Vitória,Chaves,19.0,https://static-img.zz.pt/jogadores/02/38502_20220812231754_steven_vitoria.png,121484.0,163994.0,0.0,0.7,4.0,39.0,2.0,61.0,6.1,7.0,24.0,18.0,0.0,335.0,3.0,0.0,4.0,2643.0
Puma Rodríguez,Famalicao,19.0,https://static-img.zz.pt/jogadores/51/476551_20220927150743_puma_rodriguez.png,358868.0,940333.0,3.0,0.5,7.0,3.0,5.0,10.0,1.3,1.0,14.0,16.0,3.0,33.0,13.0,3.0,16.0,504.0
Adrián Marín,Gil-Vicente,19.0,https://static-img.zz.pt/jogadores/31/420531_20230227191104_adrian_marin.png,243271.0,571685.0,0.0,2.4,26.0,123.0,38.0,177.0,0.4,0.0,7.0,61.0,2.0,366.0,34.0,4.0,60.0,2570.0
Gonçalo Costa,Portimonense,19.0,https://static-img.zz.pt/jogadores/23/115423_20220808160610_goncalo_costa_1659971170.jpg,447210.0,1354243.0,0.0,0.4,5.0,9.0,3.0,12.0,0.0,0.0,0.0,6.0,0.0,39.0,2.0,2.0,4.0,230.0
Danny Namaso,Porto,19.0,https://static-img.zz.pt/jogadores/17/480217_20220817115420_danny_loader.png,342857.0,817724.0,2.0,2.6,12.0,11.0,6.0,18.0,2.2,3.0,15.0,22.0,4.0,47.0,9.0,5.0,17.0,453.0
Bruno Almeida,Santa-Clara,19.0,https://static-img.zz.pt/jogadores/46/306246_20220814212135_bruno_almeida.png,449875.0,1285527.0,3.0,3.1,20.0,39.0,12.0,47.0,1.6,1.0,31.0,44.0,5.0,129.0,16.0,5.0,26.0,1259.0
Héctor Bellerín,Sporting,19.0,https://static-img.zz.pt/jogadores/19/288219_20230208173128_hector_bellerin.png,125211.0,427438.0,0.0,0.8,6.0,20.0,8.0,31.0,0.5,1.0,4.0,12.0,1.0,47.0,8.0,2.0,9.0,443.0
Alex Méndez,Vizela,19.0,https://static-img.zz.pt/jogadores/40/586040_20220813000515_alex_mendez.png,421844.0,936528.0,2.0,2.0,19.0,75.0,17.0,79.0,1.5,1.0,28.0,46.0,4.0,185.0,12.0,1.0,14.0,1418.0
Pedro Moreira,Arouca,20.0,https://static-img.zz.pt/jogadores/98/51298_20220806113022_pedro_moreira.png,243573.0,11849.0,0.0,0.0,0.0,4.0,0.0,3.0,0.0,0.0,0.0,2.0,0.0,9.0,1.0,0.0,2.0,75.0
João Mário,Benfica,20.0,https://static-img.zz.pt/jogadores/60/56560_20220916101820_joao_mario.jpg,125476.0,300916.0,7.0,7.4,54.0,87.0,63.0,179.0,18.5,17.0,66.0,135.0,16.0,301.0,63.0,14.0,81.0,2643.0
Filipe Ferreira,Boavista,20.0,https://static-img.zz.pt/jogadores/62/919062__20220805143130_filipe_ferreira.png,135635.0,476766.0,1.0,0.6,3.0,16.0,5.0,15.0,0.0,0.0,0.0,8.0,2.0,46.0,3.0,0.0,3.0,306.0
Kiki Silva,Casa-Pia,20.0,https://static-img.zz.pt/jogadores/33/474233_20230314224957_kiki_silva.png,472909.0,867818.0,0.0,0.0,0.0,0.0,0.0,0.0,0.0,0.0,0.0,0.0,0.0,3.0,0.0,0.0,1.0,6.0
Juninho Vieira,Chaves,20.0,https://static-img.zz.pt/jogadores/43/408943_20220812234746_juninho_vieira.png,320350.0,728409.0,0.0,2.4,19.0,19.0,4.0,21.0,5.8,4.0,45.0,50.0,5.0,103.0,23.0,16.0,34.0,1806.0
Duarte Carvalho,Estoril,20.0,https://static-img.zz.pt/jogadores/39/978939__20230207152402_duarte_carvalho.jpg,255151.0,603808.0,2.0,2.7,29.0,100.0,19.0,127.0,1.4,1.0,29.0,65.0,6.0,280.0,24.0,3.0,26.0,2308.0
João Carvalho,Estoril,20.0,https://static-img.zz.pt/jogadores/34/970334__20230116083300_joao_carvalho.jpg,255151.0,603808.0,2.0,2.7,29.0,100.0,19.0,127.0,1.4,1.0,29.0,65.0,6.0,280.0,24.0,3.0,26.0,2308.0
Gustavo Sá,Famalicao,20.0,https://static-img.zz.pt/jogadores/32/537332_20220927150617_gustavo_sa.png,449369.0,1395482.0,0.0,0.1,3.0,15.0,1.0,20.0,0.2,0.0,6.0,10.0,0.0,51.0,8.0,0.0,5.0,384.0
Juan Manuel Boselli,Gil-Vicente,20.0,https://static-img.zz.pt/jogadores/24/553224_20220803185608_juan_manuel_boselli.png,425187.0,848051.0,1.0,1.3,17.0,21.0,10.0,35.0,3.1,1.0,39.0,45.0,4.0,142.0,27.0,13.0,39.0,1246.0
Luís Bastos,Pacos-de-Ferreira,20.0,https://static-img.zz.pt/jogadores/96/560696_20220809000442_luis_bastos.jpg,423594.0,1289378.0,0.0,0.0,1.0,11.0,3.0,11.0,0.0,0.0,1.0,4.0,0.0,47.0,6.0,0.0,8.0,367.0
Luquinha,Portimonense,20.0,https://static-img.zz.pt/jogadores/64/621164_20220808160943_luquinha_1659971383.jpg,381910.0,1079486.0,1.0,1.8,28.0,54.0,16.0,68.0,1.9,2.0,16.0,57.0,3.0,116.0,22.0,3.0,20.0,1170.0
André Franco,Porto,20.0,https://static-img.zz.pt/jogadores/55/88255_20220817115204_andre_franco.png,421893.0,1080684.0,0.0,0.7,12.0,35.0,8.0,48.0,2.1,2.0,11.0,24.0,2.0,54.0,15.0,1.0,20.0,697.0
Costinha,Rio-Ave,20.0,https://static-img.zz.pt/jogadores/31/529031_20220803215328_costinha.png,395954.0,1079456.0,3.0,3.0,24.0,76.0,27.0,106.0,3.5,3.0,26.0,60.0,5.0,485.0,64.0,7.0,74.0,2797.0
Adriano Firmino,Santa-Clara,20.0,https://static-img.zz.pt/jogadores/64/583664_20221008153324_adriano_firmino.jpg,378828.0,1071102.0,1.0,0.9,14.0,85.0,7.0,83.0,0.9,1.0,9.0,40.0,3.0,363.0,19.0,1.0,16.0,2205.0
Paulinho,Sporting,20.0,https://static-img.zz.pt/jogadores/04/189004_20220907200704_paulinho.png,135563.0,361377.0,4.0,3.1,14.0,20.0,7.0,24.0,8.2,5.0,44.0,37.0,8.0,90.0,14.0,11.0,26.0,1359.0
Nélson da Luz,Vitoria-de-Guimaraes,20.0,https://static-img.zz.pt/jogadores/59/507459_20220729164827_nelson_da_luz_1659109707.jpg,430413.0,854081.0,0.0,0.3,5.0,17.0,6.0,33.0,1.7,3.0,25.0,33.0,1.0,136.0,27.0,11.0,40.0,1158.0
Samu Silva,Vizela,20.0,https://static-img.zz.pt/jogadores/63/218663_20220813000549_samu_silva.png,322742.0,667952.0,4.0,4.6,39.0,154.0,39.0,187.0,5.4,3.0,47.0,95.0,9.0,365.0,28.0,8.0,46.0,2685.0
Bogdan Milovanov,Arouca,21.0,https://static-img.zz.pt/jogadores/37/475037_20220806112134_bogdan_milovanov.png,409375.0,900559.0,0.0,0.1,3.0,19.0,3.0,19.0,0.1,0.0,2.0,11.0,0.0,189.0,6.0,3.0,15.0,987.0
Andreas Schjelderup,Benfica,21.0,https://static-img.zz.pt/jogadores/85/741885_20230201135244_andreas_schjelderup.jpg,424588.0,1228558.0,0.0,0.0,0.0,0.0,0.0,0.0,0.0,0.0,0.0,0.0,0.0,2.0,0.0,1.0,0.0,1.0
Salvador Agra,Boavista,21.0,https://static-img.zz.pt/jogadores/40/123840_20220817192424_salvador_agra.jpg,91775.0,214449.0,4.0,3.6,30.0,47.0,25.0,60.0,1.4,3.0,17.0,56.0,6.0,117.0,26.0,9.0,46.0,1651.0
Ricardo Horta,Braga,21.0,https://static-img.zz.pt/jogadores/52/74952_20220803192636_ricardo_horta.jpg,127130.0,432591.0,8.0,5.8,69.0,107.0,51.0,185.0,12.9,14.0,91.0,153.0,18.0,236.0,71.0,11.0,56.0,2611.0
Ricardo Guima,Chaves,21.0,https://static-img.zz.pt/jogadores/13/368213_20220812234028_ricardo_guima.png,438899.0,526653.0,0.0,1.5,26.0,79.0,7.0,90.0,0.7,0.0,19.0,47.0,4.0,313.0,14.0,4.0,32.0,1966.0
Tiago Gouveia,Estoril,21.0,https://static-img.zz.pt/jogadores/79/155479_20220803213912_tiago_gouveia.png,437687.0,1072317.0,6.0,5.4,39.0,29.0,32.0,68.0,3.2,5.0,44.0,68.0,12.0,202.0,42.0,34.0,61.0,2382.0
Vitor Carvalho,Gil-Vicente,21.0,https://static-img.zz.pt/jogadores/70/544570_20220803185105_vitor_carvalho.png,331609.0,816001.0,0.0,1.8,22.0,141.0,15.0,192.0,3.2,3.0,33.0,58.0,1.0,411.0,30.0,1.0,32.0,2701.0
João Afonso,Maritimo,21.0,https://static-img.zz.pt/jogadores/28/374828_20220810205421_joao_afonso.png,137128.0,495028.0,0.0,0.2,7.0,47.0,1.0,63.0,0.2,0.0,1.0,17.0,1.0,239.0,5.0,0.0,3.0,1465.0
Jorge Silva,Pacos-de-Ferreira,21.0,https://static-img.zz.pt/jogadores/17/217217_20220514130238_jorge_silva.jpg,380688.0,603609.0,0.0,0.9,5.0,10.0,4.0,20.0,0.0,0.0,1.0,13.0,0.0,62.0,10.0,1.0,16.0,470.0
Pedro Sá,Portimonense,21.0,https://static-img.zz.pt/jogadores/95/187995_20220808161152_pedro_sa_1659971512.jpg,342698.0,666952.0,1.0,0.4,4.0,22.0,3.0,33.0,0.1,0.0,2.0,11.0,1.0,81.0,3.0,0.0,1.0,740.0
João Graça,Rio-Ave,21.0,https://static-img.zz.pt/jogadores/69/160869_20220803215838_joao_graca.png,143635.0,488540.0,1.0,0.7,11.0,32.0,11.0,65.0,0.9,1.0,13.0,25.0,2.0,123.0,25.0,1.0,27.0,1152.0
Andrezinho,Santa-Clara,21.0,https://static-img.zz.pt/jogadores/18/476518_20220803225927_andrezinho.png,,1185183.0,0.0,1.1,12.0,11.0,9.0,24.0,2.0,1.0,9.0,29.0,1.0,56.0,12.0,3.0,17.0,539.0
André André,Vitoria-de-Guimaraes,21.0,https://static-img.zz.pt/jogadores/73/31173_20221117111636_andre_andre_1668683796.jpg,70967.0,164333.0,0.0,1.5,15.0,73.0,14.0,97.0,0.8,1.0,7.0,43.0,4.0,170.0,12.0,4.0,24.0,1353.0
Chiquinho,Benfica,22.0,https://static-img.zz.pt/jogadores/94/209094_20220916101750_chiquinho.jpg,361961.0,566644.0,0.0,2.1,17.0,131.0,14.0,134.0,1.2,1.0,13.0,50.0,5.0,192.0,24.0,1.0,23.0,1371.0
Pizzi,Braga,22.0,https://static-img.zz.pt/jogadores/04/51004_20230227190548_pizzi.png,81928.0,186748.0,1.0,0.9,12.0,22.0,11.0,35.0,1.1,2.0,11.0,26.0,3.0,49.0,6.0,3.0,8.0,490.0
Shaquil Delos,Estoril,22.0,https://static-img.zz.pt/jogadores/58/970358__20230116083916_shaquil_delos.jpg,455488.0,1072860.0,0.0,0.2,3.0,9.0,2.0,10.0,0.1,0.0,2.0,7.0,1.0,49.0,12.0,0.0,11.0,410.0
Luiz Carlos,Pacos-de-Ferreira,22.0,https://static-img.zz.pt/jogadores/78/112378_20220808234855_luiz_carlos.jpg,121675.0,185591.0,1.0,0.5,8.0,44.0,5.0,59.0,0.3,0.0,8.0,31.0,2.0,142.0,15.0,2.0,12.0,1136.0
Filipe Relvas,Portimonense,22.0,https://static-img.zz.pt/jogadores/89/594089_20220808161155_filipe_relvas_1659971515.jpg,422207.0,1285815.0,1.0,0.8,13.0,110.0,14.0,110.0,2.0,0.0,17.0,41.0,3.0,445.0,7.0,2.0,15.0,2867.0
Wendell,Porto,22.0,https://static-img.zz.pt/jogadores/64/274164_20220817115015_wendell.png,132273.0,487867.0,2.0,1.8,18.0,71.0,21.0,78.0,0.6,1.0,12.0,38.0,2.0,228.0,63.0,4.0,80.0,1965.0
Emmanuel Boateng,Rio-Ave,22.0,https://static-img.zz.pt/jogadores/27/415927_20220911222826_emmanuel_boateng.png,243572.0,561219.0,0.0,1.5,14.0,9.0,6.0,16.0,6.6,6.0,46.0,40.0,3.0,92.0,13.0,6.0,15.0,1862.0
Filip Stevanovic,Santa-Clara,22.0,https://static-img.zz.pt/jogadores/51/687351_20221002175845_filip_stevanovic.png,383865.0,1072997.0,1.0,0.1,3.0,0.0,0.0,4.0,0.2,0.0,4.0,4.0,1.0,12.0,2.0,1.0,3.0,151.0
Ibrahima Bamba,Vitoria-de-Guimaraes,22.0,https://static-img.zz.pt/jogadores/63/824863_20220729164830_ibrahima_bamba_1659109710.jpg,432629.0,1282446.0,0.0,0.2,4.0,51.0,1.0,48.0,0.8,0.0,15.0,17.0,2.0,442.0,7.0,0.0,5.0,2324.0
Kévin Zohi,Vizela,22.0,https://static-img.zz.pt/jogadores/32/588732_20220813001227_kevin_zohi_.png,344143.0,865040.0,3.0,1.9,15.0,15.0,10.0,32.0,2.6,2.0,26.0,31.0,4.0,92.0,10.0,6.0,23.0,900.0
Ismaila Soro,Arouca,23.0,https://static-img.zz.pt/jogadores/38/535738_20220806113105_ismaila_soro.png,397094.0,896481.0,0.0,0.9,8.0,47.0,2.0,58.0,0.1,0.0,4.0,20.0,0.0,233.0,11.0,0.0,7.0,1521.0
Mihailo Ristic,Benfica,23.0,https://static-img.zz.pt/jogadores/82/414482_20220916101642_mihailo_ristic.jpg,244778.0,588562.0,1.0,0.6,3.0,3.0,3.0,4.0,0.2,1.0,4.0,4.0,1.0,16.0,8.0,1.0,10.0,117.0
Vincent Sasso,Boavista,23.0,https://static-img.zz.pt/jogadores/73/81373_20220819203732_vincent_sasso.png,120590.0,210443.0,0.0,0.0,2.0,27.0,0.0,36.0,1.8,4.0,12.0,14.0,1.0,271.0,5.0,0.0,3.0,1971.0
Simon Banza,Braga,23.0,https://static-img.zz.pt/jogadores/56/473356_20220803192719_simon_banza.jpg,300483.0,696932.0,2.0,1.2,15.0,13.0,6.0,21.0,8.5,11.0,47.0,35.0,5.0,87.0,11.0,10.0,20.0,1449.0
Léo Natel,Casa-Pia,23.0,https://static-img.zz.pt/jogadores/98/440498_20220913170738_leo_natel.png,338724.0,844434.0,0.0,0.1,2.0,2.0,0.0,3.0,0.3,0.0,3.0,3.0,0.0,4.0,2.0,2.0,4.0,57.0
Héctor Hernández,Chaves,23.0,https://static-img.zz.pt/jogadores/93/355293_20220812232507_hector_hernandez.png,141293.0,575229.0,0.0,0.3,8.0,22.0,0.0,24.0,5.9,7.0,40.0,15.0,1.0,65.0,7.0,4.0,9.0,1480.0
Pedro Álvaro,Estoril,23.0,https://static-img.zz.pt/jogadores/35/372435_20220803214825_pedro_alvaro.png,436897.0,822258.0,0.0,0.3,5.0,64.0,3.0,81.0,0.9,1.0,11.0,17.0,0.0,307.0,10.0,4.0,14.0,2577.0
Alex Dobre,Famalicao,23.0,https://static-img.zz.pt/jogadores/18/526018_20230109232457_alex_dobre.png,362805.0,790727.0,3.0,1.9,18.0,7.0,10.0,14.0,3.0,2.0,25.0,35.0,6.0,90.0,16.0,10.0,33.0,939.0
Bruno Xadas,Maritimo,23.0,https://static-img.zz.pt/jogadores/48/422048_20220810203937_bruno_xadas.png,335707.0,737814.0,6.0,7.7,62.0,108.0,27.0,143.0,4.2,3.0,74.0,119.0,8.0,228.0,45.0,8.0,46.0,2369.0
Erick Ferigra,Pacos-de-Ferreira,23.0,https://static-img.zz.pt/jogadores/08/548908_20220909143521_erick_ferigra.jpg,356753.0,937502.0,0.0,0.0,2.0,27.0,1.0,24.0,0.3,0.0,3.0,6.0,2.0,145.0,2.0,0.0,0.0,1158.0
Park Ji-soo,Portimonense,23.0,https://static-img.zz.pt/jogadores/20/983920__20230222074921_park_ji_soo.jpg,373777.0,468826.0,1.0,0.6,2.0,28.0,2.0,33.0,0.1,0.0,2.0,10.0,1.0,166.0,4.0,0.0,2.0,1200.0
João Mário,Porto,23.0,https://static-img.zz.pt/jogadores/83/421283_20220817115005_joao_mario.png,395173.0,958421.0,4.0,3.1,23.0,29.0,23.0,49.0,0.7,1.0,11.0,45.0,6.0,121.0,28.0,14.0,47.0,1190.0
Josué Sá,Rio-Ave,23.0,https://static-img.zz.pt/jogadores/30/56530_20220918011904_josue_sa.png,96243.0,242872.0,1.0,0.4,6.0,70.0,0.0,68.0,0.1,0.0,1.0,16.0,1.0,195.0,17.0,0.0,22.0,1348.0
Matheus Índio,Vitoria-de-Guimaraes,23.0,https://static-img.zz.pt/jogadores/71/659271_20220729164829_matheus_indio_1659109709.jpg,444828.0,1285529.0,0.0,0.1,1.0,5.0,0.0,3.0,0.0,0.0,1.0,2.0,0.0,9.0,1.0,0.0,1.0,74.0
Osama Rashid,Vizela,23.0,https://static-img.zz.pt/jogadores/72/210772_20220813002402_osama_rashid.png,361919.0,278239.0,0.0,0.9,7.0,24.0,1.0,22.0,0.3,1.0,10.0,14.0,0.0,46.0,2.0,1.0,4.0,377.0
Samuel Soares,Benfica,24.0,https://static-img.zz.pt/jogadores/32/490932_20220916101316_samuel_soares.jpg,404768.0,,0.0,0.0,0.0,0.0,0.0,0.0,0.0,0.0,0.0,0.0,0.0,0.0,0.0,0.0,0.0,3.0
Sebastián Pérez,Boavista,24.0,https://static-img.zz.pt/jogadores/21/823921__20210920194230_sebastian_perez.png,318429.0,309353.0,0.0,0.9,17.0,110.0,13.0,146.0,1.2,3.0,13.0,39.0,2.0,335.0,10.0,0.0,16.0,2459.0
Yuki Soma,Casa-Pia,24.0,https://static-img.zz.pt/jogadores/46/653446_20230314225009_yuki_soma.png,447577.0,955320.0,1.0,3.1,20.0,9.0,7.0,26.0,3.0,2.0,32.0,41.0,1.0,91.0,26.0,9.0,46.0,1217.0
José Oliveira,Pacos-de-Ferreira,24.0,https://static-img.zz.pt/jogadores/14/530214_20220809000150_jose_oliveira.jpg,396588.0,,0.0,0.0,0.0,0.0,0.0,0.0,0.0,0.0,0.0,0.0,0.0,4.0,0.0,0.0,0.0,270.0
Mohamed Diaby,Portimonense,24.0,https://static-img.zz.pt/jogadores/62/546562_20220827212620_mohamed_diaby.jpg,380683.0,958533.0,0.0,0.4,7.0,43.0,3.0,51.0,1.2,1.0,17.0,20.0,2.0,230.0,7.0,3.0,12.0,1411.0
Walter González,Santa-Clara,24.0,https://static-img.zz.pt/jogadores/72/415772_20230204175527_walter_gonzalez.png,322744.0,618713.0,0.0,0.1,2.0,6.0,1.0,9.0,0.6,0.0,7.0,3.0,1.0,17.0,4.0,1.0,5.0,399.0
Kiki Afonso,Vizela,24.0,https://static-img.zz.pt/jogadores/30/160830_20220813000055_kiki_afonso.png,129360.0,442593.0,1.0,1.6,24.0,71.0,24.0,103.0,1.2,1.0,20.0,60.0,2.0,340.0,21.0,1.0,24.0,2220.0
Weverson Costa,Arouca,25.0,https://static-img.zz.pt/jogadores/25/555425_20230227190040_weverson_costa.png,397570.0,891744.0,0.0,0.2,1.0,3.0,1.0,2.0,0.0,0.0,0.0,1.0,0.0,4.0,1.0,0.0,3.0,71.0
Mor Ndiaye,Estoril,25.0,https://static-img.zz.pt/jogadores/40/688640_20220803214613_mor_ndiaye.png,444629.0,1080510.0,0.0,0.4,8.0,32.0,1.0,43.0,0.8,0.0,12.0,15.0,0.0,216.0,3.0,1.0,6.0,1407.0
Pelé,Famalicao,25.0,https://static-img.zz.pt/jogadores/84/55684_20220927150545_pele.png,70484.0,163605.0,0.0,0.0,0.0,20.0,2.0,30.0,0.1,0.0,2.0,4.0,0.0,78.0,7.0,1.0,9.0,611.0
Pedro Tiba,Gil-Vicente,25.0,https://static-img.zz.pt/jogadores/63/99863_20220803185250_pedro_tiba.png,135350.0,164053.0,0.0,1.4,14.0,49.0,18.0,94.0,1.4,1.0,28.0,38.0,2.0,145.0,21.0,10.0,31.0,1253.0
Maracás,Pacos-de-Ferreira,25.0,https://static-img.zz.pt/jogadores/63/448163_20230214184002_maracas.jpg,380682.0,938392.0,0.0,0.0,0.0,6.0,0.0,21.0,0.3,0.0,5.0,4.0,0.0,202.0,1.0,1.0,2.0,1418.0
Lucas Ventura,Portimonense,25.0,https://static-img.zz.pt/jogadores/24/983924__20230222074922_lucas_ventura.jpg,337878.0,846750.0,0.0,0.5,5.0,14.0,2.0,13.0,0.3,0.0,6.0,16.0,0.0,75.0,3.0,1.0,5.0,566.0
Otávio,Porto,25.0,https://static-img.zz.pt/jogadores/60/276060_20220817115203_otavio.png,120608.0,397019.0,7.0,7.6,54.0,145.0,94.0,263.0,4.4,5.0,37.0,134.0,18.0,303.0,61.0,12.0,63.0,2266.0
Gonçalo Inácio,Sporting,25.0,https://static-img.zz.pt/jogadores/59/384159_20220907200407_goncalo_inacio.png,395992.0,1165710.0,3.0,1.3,12.0,252.0,12.0,238.0,1.9,1.0,15.0,52.0,4.0,330.0,31.0,1.0,50.0,2369.0
Ryoya Ogawa,Vitoria-de-Guimaraes,25.0,https://static-img.zz.pt/jogadores/01/455401_20220729164524_ryoya_ogawa_1659109524.jpg,444827.0,727419.0,0.0,0.1,2.0,4.0,3.0,10.0,0.0,0.0,1.0,3.0,0.0,17.0,1.0,0.0,2.0,210.0
Mohamed Aidara,Vizela,25.0,https://static-img.zz.pt/jogadores/43/580643_20220813001852_mohamed_aidara.png,425474.0,1184776.0,0.0,0.0,0.0,0.0,0.0,2.0,0.0,0.0,0.0,0.0,0.0,29.0,0.0,0.0,1.0,242.0
Rodrigo Abascal,Boavista,26.0,https://static-img.zz.pt/jogadores/64/919064__20220805143131_rodrigo_abascal.png,423077.0,690223.0,2.0,1.1,10.0,84.0,10.0,78.0,0.8,0.0,8.0,28.0,5.0,351.0,12.0,0.0,10.0,2294.0
Cristián Borja,Braga,26.0,https://static-img.zz.pt/jogadores/23/457923_20220803190535_cristian_borja.jpg,297321.0,683964.0,0.0,1.1,9.0,35.0,9.0,35.0,0.1,0.0,1.0,17.0,0.0,102.0,8.0,3.0,17.0,680.0
Carlos Ponck,Chaves,26.0,https://static-img.zz.pt/jogadores/50/396550_20230124000639_carlos_ponck.jpg,232384.0,566408.0,0.0,0.0,1.0,40.0,1.0,58.0,0.7,0.0,14.0,12.0,1.0,286.0,1.0,0.0,4.0,1801.0
Rúben Fernandes,Gil-Vicente,26.0,https://static-img.zz.pt/jogadores/18/9118_20220803184417_ruben_fernandes.png,135962.0,164323.0,0.0,0.4,5.0,51.0,3.0,56.0,1.1,0.0,11.0,17.0,1.0,294.0,6.0,3.0,13.0,2175.0
Rui Pires,Pacos-de-Ferreira,26.0,https://static-img.zz.pt/jogadores/34/284034_20220808234931_rui_pires.jpg,422245.0,776968.0,0.0,0.7,15.0,82.0,7.0,101.0,0.3,0.0,5.0,49.0,2.0,339.0,9.0,0.0,5.0,2411.0
Ousmane Diomande,Sporting,26.0,https://static-img.zz.pt/jogadores/39/953339_20230208173102_ousmane_diomande.png,443663.0,1425182.0,0.0,0.1,2.0,81.0,5.0,62.0,0.8,1.0,11.0,11.0,2.0,115.0,22.0,0.0,17.0,885.0
Rafa Silva,Benfica,27.0,https://static-img.zz.pt/jogadores/61/261061_20220916102046_rafa_silva.jpg,135127.0,477023.0,4.0,5.9,38.0,59.0,38.0,126.0,11.9,8.0,68.0,113.0,18.0,133.0,64.0,42.0,99.0,2174.0
Bruma,Braga,27.0,https://static-img.zz.pt/jogadores/12/74312_20230227190616_bruma.png,117980.0,361322.0,6.0,2.6,18.0,30.0,17.0,58.0,3.5,4.0,30.0,50.0,11.0,109.0,37.0,37.0,70.0,1020.0
Afonso Taira,Casa-Pia,27.0,https://static-img.zz.pt/jogadores/42/56542_20220913170317_afonso_taira.png,105745.0,280510.0,1.0,1.5,28.0,97.0,15.0,141.0,0.4,0.0,13.0,61.0,4.0,398.0,28.0,2.0,20.0,2095.0
Rafik Guitane,Estoril,27.0,https://static-img.zz.pt/jogadores/63/978863__20230207080517_rafik_guitane.jpg,357533.0,814869.0,1.0,1.2,10.0,13.0,15.0,29.0,0.2,0.0,5.0,25.0,3.0,60.0,20.0,4.0,28.0,785.0
Paulinho,Maritimo,27.0,https://static-img.zz.pt/jogadores/29/54529_20230108181408_paulinho.png,122089.0,362665.0,1.0,1.9,9.0,24.0,7.0,31.0,0.8,0.0,8.0,20.0,4.0,69.0,9.0,0.0,8.0,718.0
João Vigário,Pacos-de-Ferreira,27.0,https://static-img.zz.pt/jogadores/06/280406_20220514125106_joao_vigario.jpg,,566477.0,0.0,0.0,0.0,1.0,0.0,0.0,0.0,0.0,0.0,0.0,0.0,3.0,2.0,0.0,0.0,17.0
Gustavo Klismahn,Portimonense,27.0,https://static-img.zz.pt/jogadores/11/547211_20220808160612_gustavo_klismahn_1659971172.jpg,447215.0,1299645.0,1.0,0.5,3.0,17.0,4.0,17.0,0.4,0.0,5.0,8.0,1.0,83.0,7.0,1.0,7.0,699.0
Hernâni Fortes,Rio-Ave,27.0,https://static-img.zz.pt/jogadores/04/159904_20230218195902_hernani_fortes.png,106216.0,281558.0,1.0,0.7,10.0,3.0,10.0,14.0,2.6,2.0,26.0,23.0,3.0,42.0,7.0,6.0,19.0,672.0
Tiago Esgaio,Arouca,28.0,https://static-img.zz.pt/jogadores/97/282197_20220806112005_tiago_esgaio.png,383609.0,816222.0,2.0,1.8,14.0,61.0,18.0,63.0,0.8,0.0,11.0,27.0,3.0,287.0,13.0,1.0,16.0,2282.0
Jonny Arriba ,Chaves,28.0,https://static-img.zz.pt/jogadores/57/945357_20220812233419_jonny_arriba_.png,444824.0,1388883.0,1.0,0.2,3.0,7.0,4.0,17.0,1.6,1.0,16.0,13.0,1.0,74.0,4.0,6.0,15.0,669.0
Carlos Eduardo,Estoril,28.0,https://static-img.zz.pt/jogadores/42/976942__20230201121357_carlos_eduardo.jpg,280246.0,637580.0,0.0,0.4,5.0,3.0,4.0,9.0,1.1,2.0,9.0,12.0,0.0,85.0,22.0,5.0,27.0,722.0
Zaydou Youssouf,Famalicao,28.0,https://static-img.zz.pt/jogadores/44/482944_20220927150605_zaydou_youssouf.png,330832.0,813549.0,0.0,0.4,9.0,89.0,13.0,115.0,1.2,2.0,24.0,43.0,2.0,349.0,26.0,2.0,25.0,2143.0
Marafona,Pacos-de-Ferreira,28.0,https://static-img.zz.pt/jogadores/23/28823_20230311153330_marafona.png,70950.0,,0.0,0.0,1.0,9.0,1.0,0.0,0.0,0.0,0.0,2.0,0.0,21.0,0.0,0.0,0.0,1426.0
Bruno Costa,Porto,28.0,https://static-img.zz.pt/jogadores/11/284011_20220817115210_bruno_costa.png,354146.0,470535.0,1.0,1.3,8.0,15.0,4.0,15.0,0.6,0.0,5.0,10.0,1.0,25.0,4.0,1.0,6.0,265.0
Pedro Gonçalves,Sporting,28.0,https://static-img.zz.pt/jogadores/88/338388_20220907200803_pedro_goncalves.png,344378.0,875133.0,11.0,8.3,74.0,91.0,58.0,164.0,16.2,15.0,96.0,142.0,17.0,253.0,75.0,36.0,93.0,2806.0
Zé Carlos,Vitoria-de-Guimaraes,28.0,https://static-img.zz.pt/jogadores/74/450174_20221117111636_ze_carlos_1668683796.jpg,435125.0,1287747.0,2.0,0.5,11.0,21.0,5.0,31.0,0.1,0.0,3.0,23.0,2.0,144.0,9.0,1.0,12.0,856.0
Gorby Baptiste,Braga,29.0,https://static-img.zz.pt/jogadores/56/779156_20220803190747_gorby_baptiste.jpg,423976.0,1292369.0,0.0,0.0,0.0,13.0,0.0,9.0,0.1,0.0,2.0,3.0,0.0,20.0,0.0,1.0,0.0,116.0
Jhonder Cádiz,Famalicao,29.0,https://static-img.zz.pt/jogadores/85/275585_20220803213501_jhonder_cadiz.png,142819.0,523414.0,3.0,1.4,19.0,16.0,7.0,24.0,5.7,4.0,46.0,37.0,3.0,60.0,10.0,11.0,17.0,1326.0
Brayan Riascos,Maritimo,29.0,https://static-img.zz.pt/jogadores/41/331841_20230106121150_brayan_riascos.jpg,361988.0,523448.0,2.0,2.1,18.0,5.0,8.0,10.0,6.2,3.0,35.0,31.0,4.0,70.0,9.0,11.0,18.0,873.0
Toni Martínez,Porto,29.0,https://static-img.zz.pt/jogadores/17/450417_20220817115422_toni_martinez.png,280060.0,640123.0,4.0,3.8,17.0,4.0,3.0,9.0,7.0,5.0,51.0,33.0,7.0,65.0,4.0,9.0,21.0,1151.0
Nicolás Otamendi,Benfica,30.0,https://static-img.zz.pt/jogadores/88/67588_20220916101514_nicolas_otamendi.jpg,75691.0,174321.0,0.0,0.4,6.0,158.0,2.0,156.0,2.3,1.0,31.0,31.0,2.0,478.0,22.0,1.0,25.0,2773.0
Felippe Cardoso,Casa-Pia,30.0,https://static-img.zz.pt/jogadores/98/582698_20230314225112_felippe_cardoso.png,363581.0,916351.0,0.0,1.2,8.0,6.0,1.0,11.0,3.6,4.0,15.0,15.0,3.0,27.0,5.0,2.0,12.0,508.0
Gonçalo Pinto,Chaves,30.0,https://static-img.zz.pt/jogadores/37/155437_20230304203631_goncalo_pinto.png,454512.0,,0.0,0.0,0.0,0.0,0.0,0.0,0.0,0.0,0.0,0.0,0.0,1.0,0.0,0.0,0.0,1.0
Ali Alipour,Gil-Vicente,30.0,https://static-img.zz.pt/jogadores/94/365494_20220803185506_ali_alipour.png,403771.0,505960.0,1.0,1.1,5.0,3.0,2.0,8.0,2.0,2.0,15.0,11.0,2.0,43.0,4.0,2.0,7.0,527.0
Giorgi Makaridze,Maritimo,30.0,https://static-img.zz.pt/jogadores/72/41672_20230214183711_giorgi_makaridze.jpg,32381.0,,0.0,0.0,0.0,0.0,0.0,0.0,0.0,0.0,0.0,0.0,0.0,19.0,0.0,0.0,0.0,540.0
Alexandre Guedes,Pacos-de-Ferreira,30.0,https://static-img.zz.pt/jogadores/42/74342_20230102180237_alexandre_guedes.png,342602.0,500943.0,1.0,0.7,9.0,4.0,2.0,10.0,2.5,1.0,19.0,18.0,1.0,37.0,9.0,5.0,7.0,791.0
Kim Yong-hak,Portimonense,30.0,https://static-img.zz.pt/jogadores/13/762313_20220808160944_kim_yong_hak_1659971384.jpg,,1388929.0,,,,,,,,,,,,,,,,
Evanilson,Porto,30.0,https://static-img.zz.pt/jogadores/07/513007_20220817115424_evanilson.png,384430.0,1098096.0,5.0,3.0,16.0,13.0,5.0,23.0,8.9,7.0,34.0,31.0,8.0,94.0,12.0,7.0,15.0,1354.0
Andreas Samaris,Rio-Ave,30.0,https://static-img.zz.pt/jogadores/95/132495_20220916154929_andreas_samaris.png,83798.0,195724.0,1.0,0.5,11.0,52.0,10.0,61.0,0.4,0.0,15.0,29.0,2.0,210.0,9.0,1.0,6.0,1406.0
Rodrigo Moura,Chaves,31.0,https://static-img.zz.pt/jogadores/57/545757_20220812234346_rodrigo_moura.png,447017.0,,0.0,0.0,0.0,0.0,0.0,0.0,0.0,0.0,0.0,0.0,0.0,9.0,0.0,0.0,0.0,357.0
Joãozinho,Estoril,31.0,https://static-img.zz.pt/jogadores/40/155840_20220803214211_joaozinho.png,105928.0,280906.0,4.0,1.2,19.0,110.0,19.0,128.0,0.3,1.0,6.0,42.0,6.0,262.0,33.0,1.0,29.0,2574.0
Luiz Júnior,Famalicao,31.0,https://static-img.zz.pt/jogadores/73/562773_20220927150456_luiz_junior.png,400826.0,,0.0,0.1,3.0,18.0,0.0,0.0,0.0,0.0,0.0,5.0,2.0,50.0,0.0,0.0,0.0,2970.0
Marcelo Carné,Maritimo,31.0,https://static-img.zz.pt/jogadores/46/124246_20230108180128_marcelo_carne.png,86730.0,,0.0,0.0,0.0,5.0,0.0,0.0,0.0,0.0,0.0,2.0,0.0,24.0,0.0,0.0,0.0,1260.0
Nanu,Santa-Clara,31.0,https://static-img.zz.pt/jogadores/78/248178_20230204180216_nanu.png,350779.0,470547.0,1.0,0.8,6.0,6.0,4.0,15.0,0.1,0.0,2.0,10.0,2.0,72.0,10.0,4.0,15.0,575.0
Loreintz Rosier,Estoril,32.0,https://static-img.zz.pt/jogadores/83/642983_20220803214657_loreintz_rosier.png,421892.0,955808.0,1.0,0.2,4.0,35.0,4.0,43.0,0.8,0.0,11.0,15.0,1.0,158.0,11.0,1.0,10.0,1035.0
Martín Aguirregabiria,Famalicao,32.0,https://static-img.zz.pt/jogadores/03/550603_20220803201953_martin_aguirregabiria.png,333111.0,821417.0,1.0,0.2,3.0,10.0,6.0,14.0,0.0,0.0,0.0,5.0,1.0,47.0,6.0,2.0,10.0,402.0
Kosuke Nakamura,Portimonense,32.0,https://static-img.zz.pt/jogadores/87/201687_20220808160942_kosuke_nakamura_1659971382.jpg,126293.0,,0.0,0.0,1.0,22.0,0.0,1.0,0.0,0.0,0.0,5.0,1.0,72.0,0.0,0.0,0.0,2700.0
MT,Santa-Clara,32.0,https://static-img.zz.pt/jogadores/91/695591_20230311152854_mt.png,451235.0,1269785.0,0.0,0.4,4.0,37.0,6.0,49.0,0.4,0.0,13.0,13.0,1.0,171.0,13.0,4.0,11.0,1135.0
Mateo Tanlongo,Sporting,32.0,https://static-img.zz.pt/jogadores/97/834997_20230125105457_mateo_tanlongo.png,408809.0,1220673.0,0.0,0.0,0.0,5.0,0.0,8.0,0.2,0.0,2.0,2.0,1.0,16.0,2.0,0.0,1.0,141.0
Petar Musa,Benfica,33.0,https://static-img.zz.pt/jogadores/53/494753_20220916101942_petar_musa.jpg,404198.0,709796.0,2.0,2.2,16.0,8.0,6.0,18.0,7.0,7.0,38.0,35.0,5.0,48.0,6.0,6.0,11.0,666.0
Ricardo Batista,Casa-Pia,33.0,https://static-img.zz.pt/jogadores/97/7797_20220913170017_ricardo_batista.png,135570.0,,0.0,0.0,0.0,15.0,0.0,0.0,0.0,0.0,0.0,2.0,0.0,63.0,1.0,0.0,1.0,2790.0
João Marques,Estoril,33.0,https://static-img.zz.pt/jogadores/31/970331__20230116083259_joao_marques.jpg,447024.0,1428671.0,0.0,0.3,3.0,10.0,2.0,8.0,0.5,0.0,5.0,8.0,1.0,35.0,2.0,3.0,14.0,391.0
Vasco Sousa,Pacos-de-Ferreira,33.0,https://static-img.zz.pt/jogadores/05/605905_20220809000424_vasco_sousa.jpg,,1394006.0,,,,,,,,,,,,,,,,
Aderllan Santos,Rio-Ave,33.0,https://static-img.zz.pt/jogadores/55/150755_20220803215425_aderllan_santos.png,125953.0,361710.0,0.0,0.2,4.0,50.0,1.0,57.0,1.6,1.0,21.0,25.0,2.0,472.0,3.0,0.0,3.0,2821.0
Arthur Gomes,Sporting,33.0,https://static-img.zz.pt/jogadores/33/484833_20220922125506_arthur_gomes.png,329403.0,689051.0,2.0,2.1,13.0,12.0,16.0,40.0,1.1,1.0,16.0,29.0,2.0,96.0,24.0,8.0,46.0,805.0
Anderson Silva,Vitoria-de-Guimaraes,33.0,https://static-img.zz.pt/jogadores/16/514616_20220729164827_anderson_oliveira_1659109707.jpg,380620.0,876734.0,0.0,0.4,6.0,11.0,2.0,15.0,5.1,4.0,56.0,27.0,2.0,55.0,17.0,13.0,22.0,1350.0
Edson Mexer,Estoril,34.0,https://static-img.zz.pt/jogadores/30/970330__20230116083258_edson_mexer.jpg,121720.0,191788.0,0.0,0.0,2.0,32.0,1.0,36.0,0.6,0.0,11.0,5.0,1.0,139.0,7.0,0.0,1.0,972.0
Pedro Ortiz,Vizela,34.0,https://static-img.zz.pt/jogadores/90/727290_20230304151503_pedro_ortiz.png,422955.0,,0.0,0.1,2.0,14.0,0.0,12.0,0.1,0.0,2.0,6.0,1.0,72.0,2.0,0.0,3.0,481.0
Bryan Róchez,Portimonense,35.0,https://static-img.zz.pt/jogadores/64/291664_20220808161152_bryan_rochez_1659971512.jpg,271553.0,562961.0,2.0,0.9,10.0,9.0,3.0,15.0,4.9,1.0,28.0,22.0,3.0,48.0,10.0,3.0,6.0,890.0
Percy Liza ,Maritimo,36.0,https://static-img.zz.pt/jogadores/12/712112_20230109085712_percy_liza_.jpg,446477.0,1053398.0,0.0,0.0,2.0,4.0,0.0,3.0,0.9,1.0,4.0,5.0,1.0,21.0,1.0,0.0,2.0,421.0
Julien Lomboto,Rio-Ave,36.0,https://static-img.zz.pt/jogadores/39/850439_20230317232853_julien_lomboto.png,476710.0,1452500.0,,,,,,,,,,,,,,,,
Rildo,Santa-Clara,37.0,https://static-img.zz.pt/jogadores/57/619557_20230204175932_rildo.png,397582.0,1174629.0,1.0,0.5,6.0,12.0,5.0,24.0,2.1,3.0,22.0,22.0,4.0,75.0,7.0,11.0,17.0,822.0
Léo Pereira,Maritimo,38.0,https://static-img.zz.pt/jogadores/63/691563_20230108180609_leo_pereira.jpg,388653.0,1115354.0,0.0,0.2,5.0,3.0,3.0,9.0,0.3,0.0,6.0,13.0,2.0,52.0,4.0,5.0,14.0,532.0
Paulo Estrela,Portimonense,38.0,https://static-img.zz.pt/jogadores/21/284421_20220808160942_paulo_estrela_1659971382.jpg,391031.0,824636.0,1.0,2.6,36.0,81.0,9.0,90.0,1.9,2.0,9.0,57.0,3.0,221.0,4.0,0.0,5.0,1510.0
Fernando Andrade,Porto,38.0,https://static-img.zz.pt/jogadores/24/252624_20220817115431_fernando_andrade.png,,391035.0,,,,,,,,,,,,,,,,
Stanley Kanu,Maritimo,39.0,https://static-img.zz.pt/jogadores/43/659143_20230214183736_stanley_kanu.png,469459.0,1428154.0,0.0,0.0,1.0,1.0,0.0,2.0,0.1,0.0,3.0,4.0,0.0,7.0,0.0,1.0,1.0,71.0
Matheus Babi,Santa-Clara,39.0,https://static-img.zz.pt/jogadores/20/478020_20220904230219_matheus_babi.png,397827.0,1023047.0,1.0,1.2,8.0,12.0,2.0,16.0,5.4,5.0,30.0,31.0,3.0,88.0,12.0,1.0,6.0,1358.0
Nwankwo Obiora,Chaves,40.0,https://static-img.zz.pt/jogadores/14/114514_20220812234728_nwankwo_obiora.png,91311.0,213743.0,0.0,0.3,2.0,30.0,0.0,26.0,0.5,1.0,5.0,7.0,0.0,81.0,0.0,0.0,2.0,620.0
Kento Misao,Santa-Clara,40.0,https://static-img.zz.pt/jogadores/87/374887_20230114015419_kento_misao.png,469662.0,648364.0,0.0,0.3,5.0,35.0,5.0,50.0,0.2,0.0,6.0,18.0,0.0,154.0,7.0,0.0,1.0,1055.0
Mauro Couto,Pacos-de-Ferreira,41.0,https://static-img.zz.pt/jogadores/55/742455_20230227190259_mauro_couto.png,455733.0,1402606.0,0.0,0.1,4.0,2.0,0.0,2.0,0.2,0.0,1.0,5.0,0.0,16.0,2.0,2.0,2.0,129.0
Gaius Makouta,Boavista,42.0,https://static-img.zz.pt/jogadores/69/919069__20220805143222_gaius_makouta.png,423076.0,773062.0,6.0,1.5,16.0,93.0,11.0,115.0,2.6,2.0,35.0,48.0,12.0,310.0,43.0,5.0,37.0,2738.0
Lucas Soares,Casa-Pia,42.0,https://static-img.zz.pt/jogadores/88/547788_20220913170131_lucas_soares.png,381793.0,1077665.0,2.0,3.2,26.0,29.0,17.0,43.0,1.9,1.0,26.0,50.0,3.0,254.0,35.0,11.0,60.0,2175.0
Andrew Silva,Gil-Vicente,42.0,https://static-img.zz.pt/jogadores/89/641489_20220803183743_andrew_silva.png,362746.0,,0.0,0.0,0.0,6.0,0.0,0.0,0.0,0.0,0.0,4.0,1.0,58.0,0.0,0.0,0.0,2131.0
Renato Pantalon,Rio-Ave,42.0,https://static-img.zz.pt/jogadores/57/618757_20220803215525_renato_pantalon.png,444575.0,978957.0,0.0,0.3,3.0,56.0,0.0,53.0,0.5,1.0,5.0,11.0,0.0,245.0,4.0,0.0,6.0,1794.0
Vitinho Moura,Arouca,43.0,https://static-img.zz.pt/jogadores/63/547663_20220806113518_vitinho_moura.png,416896.0,1249715.0,2.0,1.0,12.0,5.0,5.0,11.0,0.2,0.0,6.0,13.0,2.0,32.0,7.0,1.0,5.0,245.0
Alemão,Portimonense,43.0,https://static-img.zz.pt/jogadores/22/983922__20230222074922_alemao.jpg,,1437941.0,0.0,0.0,0.0,10.0,0.0,11.0,0.0,0.0,0.0,2.0,0.0,67.0,0.0,0.0,1.0,363.0
João Marcelo,Porto,43.0,https://static-img.zz.pt/jogadores/00/692400_20220817115012_joao_marcelo.png,,1185338.0,,,,,,,,,,,,,,,,
Paulo Eduardo,Santa-Clara,43.0,https://static-img.zz.pt/jogadores/91/690291_20221008153030_paulo_eduardo.jpg,444763.0,1267274.0,0.0,0.1,1.0,9.0,0.0,13.0,0.1,0.0,1.0,2.0,0.0,65.0,1.0,0.0,4.0,481.0
Nino Galovic,Arouca,44.0,https://static-img.zz.pt/jogadores/22/277822_20220806112328_nino_galovic.png,401804.0,289213.0,1.0,0.2,1.0,11.0,1.0,17.0,0.2,0.0,2.0,5.0,2.0,167.0,3.0,0.0,3.0,1303.0
Isaac Monteiro,Casa-Pia,44.0,https://static-img.zz.pt/jogadores/17/478417_20220913165920_isaac_monteiro.png,,1393694.0,,,,,,,,,,,,,,,,
João Queirós,Chaves,44.0,https://static-img.zz.pt/jogadores/38/474238_20220812232939_joao_queiros.png,380662.0,822263.0,0.0,0.0,0.0,4.0,0.0,6.0,0.0,0.0,0.0,1.0,0.0,40.0,0.0,0.0,1.0,263.0
André Teles,Maritimo,44.0,https://static-img.zz.pt/jogadores/46/366246_20191023192621_andre_teles.png,322666.0,782855.0,0.0,0.0,0.0,1.0,0.0,5.0,0.0,0.0,0.0,0.0,0.0,11.0,1.0,0.0,0.0,61.0
Pedrão,Portimonense,44.0,https://static-img.zz.pt/jogadores/27/500827_20220808161154_pedrao_1659971514.jpg,360107.0,940134.0,0.0,1.4,11.0,109.0,10.0,106.0,2.7,2.0,22.0,36.0,0.0,430.0,24.0,7.0,22.0,2582.0
Ítalo Assis,Santa-Clara,44.0,https://static-img.zz.pt/jogadores/36/749436_20221002175146_italo.png,455563.0,1419153.0,0.0,0.2,2.0,9.0,0.0,19.0,0.3,0.0,3.0,2.0,0.0,162.0,2.0,1.0,0.0,1070.0
Jorge Fernandes,Vitoria-de-Guimaraes,44.0,https://static-img.zz.pt/jogadores/41/216241_20220729164523_jorge_fernandes_1659109523.jpg,351604.0,668727.0,0.0,0.3,1.0,10.0,1.0,11.0,0.0,0.0,0.0,3.0,0.0,30.0,0.0,0.0,2.0,211.0
Iuri Medeiros,Braga,45.0,https://static-img.zz.pt/jogadores/38/74338_20220803192652_iuri_medeiros.jpg,283362.0,361321.0,6.0,9.3,58.0,67.0,50.0,128.0,7.8,10.0,80.0,122.0,18.0,154.0,45.0,25.0,58.0,2059.0
Fábio China,Maritimo,45.0,https://static-img.zz.pt/jogadores/78/242478_20210612203557_fabio_china.png,322657.0,750883.0,0.0,0.4,5.0,17.0,6.0,21.0,0.1,0.0,1.0,12.0,0.0,65.0,8.0,0.0,7.0,396.0
Stephen Eustáquio,Porto,46.0,https://static-img.zz.pt/jogadores/64/367964_20220817115202_stephen_eustaquio.png,351744.0,816223.0,5.0,4.8,30.0,88.0,26.0,129.0,2.1,2.0,26.0,63.0,10.0,216.0,12.0,3.0,8.0,1673.0
Diogo Fonseca,Braga,47.0,https://static-img.zz.pt/jogadores/05/529005_20220902164909_diogo_fonseca_1662133749.jpg,,1355683.0,,,,,,,,,,,,,,,,
Guilherme Willian,Chaves,47.0,https://static-img.zz.pt/jogadores/72/712272_20230304204004_guilherme_willian.png,455538.0,1432749.0,0.0,0.0,0.0,0.0,0.0,0.0,0.0,0.0,0.0,0.0,0.0,2.0,0.0,0.0,0.0,16.0
Ricardo Esgaio,Sporting,47.0,https://static-img.zz.pt/jogadores/78/56578_20220907200309_ricardo_esgaio.png,109474.0,300918.0,3.0,3.3,20.0,53.0,14.0,69.0,1.9,1.0,12.0,36.0,5.0,144.0,15.0,5.0,26.0,1313.0
Jason Bahamboula,Vitoria-de-Guimaraes,47.0,https://static-img.zz.pt/jogadores/48/782648_20220719000927_jason_bahamboula.png,455075.0,,,,,,,,,,,,,,,,,
Dylan Collard,Maritimo,49.0,https://static-img.zz.pt/jogadores/42/376942_20230108181218_dylan_collard.png,470827.0,1431165.0,,,,,,,,,,,,,,,,
Gabriel Silva,Santa-Clara,49.0,https://static-img.zz.pt/jogadores/93/609293_20230311153849_gabriel_silva.png,397849.0,1173684.0,2.0,3.4,37.0,27.0,18.0,33.0,6.4,5.0,60.0,79.0,5.0,178.0,36.0,22.0,61.0,2194.0
João Carlos,Estoril,50.0,https://static-img.zz.pt/jogadores/93/507093_20220803214224_joao_carlos.png,355704.0,935041.0,1.0,0.9,5.0,12.0,2.0,13.0,3.4,2.0,24.0,10.0,1.0,45.0,7.0,2.0,7.0,711.0
João Ricciulli,Vitoria-de-Guimaraes,50.0,https://static-img.zz.pt/jogadores/04/475304_20210812022902_joao_ricciulli.png,,969497.0,,,,,,,,,,,,,,,,
Sérgio Conceição,Portimonense,53.0,https://static-img.zz.pt/jogadores/18/983918__20230222074921_sergio_conceicao.jpg,442977.0,1119951.0,0.0,0.0,0.0,2.0,0.0,6.0,0.0,0.0,0.0,1.0,0.0,14.0,2.0,0.0,2.0,120.0
Rafa Oliveira,Vitoria-de-Guimaraes,53.0,https://static-img.zz.pt/jogadores/24/544924_20221117111713_rafa_1668683833.jpg,449331.0,,1.0,0.0,1.0,0.0,0.0,0.0,0.0,0.0,0.0,1.0,1.0,5.0,0.0,0.0,0.0,180.0
Júlio Dabó,Boavista,55.0,https://static-img.zz.pt/jogadores/65/919065__20220805143131_julio_dabo.png,444821.0,1393751.0,0.0,0.0,0.0,1.0,0.0,0.0,0.0,0.0,0.0,0.0,0.0,1.0,0.0,0.0,0.0,13.0
Henrique Gomes,Gil-Vicente,55.0,https://static-img.zz.pt/jogadores/35/211435_20220803184558_henrique_gomes.png,383996.0,606158.0,0.0,0.1,2.0,20.0,4.0,21.0,0.1,0.0,3.0,5.0,0.0,64.0,5.0,1.0,8.0,477.0
Paulo Bernardo,Pacos-de-Ferreira,55.0,https://static-img.zz.pt/jogadores/55/489055_20230227190146_paulo_bernardo.png,407139.0,1050831.0,2.0,0.3,7.0,23.0,2.0,27.0,1.5,2.0,14.0,14.0,2.0,96.0,3.0,1.0,6.0,755.0
Geny Catamo,Maritimo,57.0,https://static-img.zz.pt/jogadores/63/639363_20230109085918_geny_catamo.jpg,425093.0,1088753.0,0.0,0.5,10.0,15.0,3.0,20.0,0.8,1.0,14.0,24.0,0.0,33.0,11.0,7.0,18.0,342.0
Martim Tavares,Boavista,59.0,https://static-img.zz.pt/jogadores/11/534211_20220917175929_martim_tavares.png,423601.0,1290663.0,0.0,0.1,4.0,0.0,1.0,5.0,1.6,2.0,5.0,9.0,2.0,22.0,3.0,2.0,4.0,360.0
Matous Trmal,Maritimo,59.0,https://static-img.zz.pt/jogadores/11/607311_20220810205224_matous_trmal.png,400847.0,,0.0,0.0,0.0,0.0,0.0,0.0,0.0,0.0,0.0,1.0,0.0,12.0,0.0,0.0,0.0,540.0
Florentino Luís,Benfica,61.0,https://static-img.zz.pt/jogadores/29/166229_20220916101731_florentino_luis.jpg,369712.0,793255.0,3.0,1.7,17.0,228.0,16.0,164.0,1.3,0.0,12.0,37.0,5.0,363.0,22.0,0.0,11.0,2120.0
Tiago Santos,Estoril,62.0,https://static-img.zz.pt/jogadores/03/130303_20220803214422_tiago_santos.png,447025.0,1397857.0,5.0,3.5,25.0,72.0,17.0,71.0,0.7,0.0,13.0,57.0,7.0,324.0,61.0,12.0,85.0,2419.0
Celton Biai,Vitoria-de-Guimaraes,63.0,https://static-img.zz.pt/jogadores/69/166269_20220729164523_celton_biai_1659109523.jpg,396579.0,,0.0,0.0,0.0,3.0,1.0,0.0,0.0,0.0,0.0,0.0,0.0,13.0,0.0,0.0,0.0,450.0
Rafael Fernandes,Arouca,64.0,https://static-img.zz.pt/jogadores/21/195321_20220806112257_rafael_fernandes.png,444508.0,1356327.0,0.0,0.0,0.0,0.0,0.0,6.0,0.4,0.0,2.0,1.0,0.0,21.0,0.0,0.0,1.0,135.0
Gonçalo Nogueira,Vitoria-de-Guimaraes,64.0,https://static-img.zz.pt/jogadores/46/529446_20220719004043_goncalo_nogueira.png,460211.0,1413628.0,,,,,,,,,,,,,,,,
Rafael Rodrigues,Benfica,65.0,https://static-img.zz.pt/jogadores/52/520352_20201002185154_rafael_rodrigues.png,,1210509.0,,,,,,,,,,,,,,,,
António Silva,Benfica,66.0,https://static-img.zz.pt/jogadores/96/490496_20220916101549_antonio_silva.jpg,443613.0,1292092.0,0.0,0.4,5.0,157.0,2.0,120.0,4.1,3.0,18.0,19.0,4.0,423.0,19.0,1.0,27.0,2692.0
Vasco Sousa,Porto,67.0,https://static-img.zz.pt/jogadores/45/529445_20220817115207_vasco_sousa.png,439583.0,1285532.0,0.0,0.1,1.0,0.0,0.0,1.0,0.0,0.0,0.0,1.0,0.0,1.0,0.0,0.0,0.0,4.0
Bruno Onyemaechi,Boavista,70.0,https://static-img.zz.pt/jogadores/56/654656_pri__20220905114115_bruno_onyemaechi.png,454408.0,1287837.0,1.0,3.4,24.0,93.0,21.0,110.0,1.4,1.0,22.0,54.0,5.0,382.0,58.0,1.0,74.0,2526.0
Denilson Jr.,Famalicao,70.0,https://static-img.zz.pt/jogadores/59/347159_20230210135548_denilson_jr_.png,131384.0,453696.0,0.0,0.1,1.0,2.0,1.0,8.0,0.7,0.0,7.0,2.0,0.0,32.0,3.0,1.0,7.0,362.0
Hernâni Infande,Pacos-de-Ferreira,70.0,https://static-img.zz.pt/jogadores/22/755322_20230227190221_hernani_infande.png,405351.0,1202908.0,0.0,0.7,8.0,5.0,5.0,8.0,0.9,1.0,4.0,12.0,1.0,23.0,8.0,6.0,14.0,352.0
Rui Gomes,Portimonense,70.0,https://static-img.zz.pt/jogadores/76/370176_20220808161153_rui_gomes_1659971513.jpg,444819.0,717412.0,1.0,3.2,26.0,24.0,18.0,45.0,1.4,1.0,23.0,52.0,4.0,118.0,29.0,10.0,38.0,1073.0
Gonçalo Borges,Porto,70.0,https://static-img.zz.pt/jogadores/78/428378_20220817115418_goncalo_borges.png,424768.0,1080520.0,0.0,0.3,2.0,2.0,1.0,6.0,0.3,0.0,6.0,5.0,0.0,14.0,7.0,1.0,12.0,114.0
Alejandro Alvarado,Vizela,70.0,https://static-img.zz.pt/jogadores/98/824398_20220813002112_alejandro_alvarado.png,426917.0,1188588.0,,,,,,,,,,,,,,,,
Flávio Nazinho,Sporting,71.0,https://static-img.zz.pt/jogadores/25/590425_20220907200456_flavio_nazinho.png,411913.0,1239590.0,0.0,0.1,1.0,1.0,3.0,6.0,0.1,0.0,2.0,5.0,0.0,11.0,3.0,0.0,5.0,102.0
Tomás Araújo,Gil-Vicente,72.0,https://static-img.zz.pt/jogadores/53/520353_20220803184637_tomas_araujo.png,426502.0,1187283.0,2.0,1.3,15.0,92.0,6.0,88.0,1.0,1.0,13.0,30.0,1.0,305.0,17.0,0.0,27.0,1871.0
Afonso Freitas,Vitoria-de-Guimaraes,72.0,https://static-img.zz.pt/jogadores/69/413269_20220729164523_afonso_freitas_1659109523.jpg,447235.0,1355720.0,2.0,0.9,17.0,47.0,11.0,58.0,0.5,1.0,9.0,35.0,4.0,185.0,25.0,1.0,36.0,1930.0
Cher Ndour,Benfica,73.0,https://static-img.zz.pt/jogadores/31/817031_20230318221538_cher_ndour.jpg,476109.0,1246009.0,0.0,0.0,0.0,0.0,0.0,0.0,0.0,0.0,0.0,0.0,0.0,0.0,0.0,0.0,0.0,1.0
Benny Sousa,Chaves,73.0,https://static-img.zz.pt/jogadores/43/296143_20220812232238_benny_sousa.png,444823.0,1188586.0,4.0,3.3,25.0,23.0,26.0,42.0,0.9,0.0,18.0,47.0,4.0,92.0,21.0,11.0,29.0,1222.0
Chico Lamba,Sporting,73.0,https://static-img.zz.pt/jogadores/76/416476_20220907200939_chico_lamba.png,461457.0,1188585.0,0.0,0.1,1.0,4.0,1.0,5.0,0.0,0.0,0.0,2.0,0.0,4.0,0.0,0.0,2.0,45.0
Francisco Moura,Famalicao,74.0,https://static-img.zz.pt/jogadores/63/524463_20220927150707_francisco_moura.png,401060.0,919374.0,2.0,3.1,30.0,36.0,22.0,56.0,1.1,2.0,12.0,56.0,5.0,321.0,45.0,8.0,58.0,2121.0
Dinis Pinto,Braga,76.0,https://static-img.zz.pt/jogadores/16/532616_20230214183335_dinis_pinto.png,430434.0,1325525.0,0.0,0.1,1.0,0.0,1.0,1.0,0.0,0.0,0.0,1.0,0.0,2.0,1.0,0.0,1.0,9.0
Bruno Gaspar,Vitoria-de-Guimaraes,76.0,https://static-img.zz.pt/jogadores/08/143908_20220729164522_bruno_gaspar_1659109522.jpg,322790.0,361763.0,1.0,0.5,1.0,8.0,1.0,7.0,0.1,0.0,1.0,8.0,1.0,28.0,0.0,0.0,4.0,214.0
Luís Santos,Boavista,77.0,https://static-img.zz.pt/jogadores/50/155450_20220817194932_luis_santos.jpg,395938.0,1079218.0,0.0,0.1,2.0,3.0,2.0,7.0,1.0,0.0,8.0,3.0,0.0,32.0,7.0,0.0,7.0,284.0
João Correia,Chaves,77.0,https://static-img.zz.pt/jogadores/62/427362_20220812231256_joao_correia.png,381794.0,666950.0,2.0,2.3,23.0,39.0,29.0,61.0,1.6,0.0,21.0,50.0,2.0,232.0,27.0,12.0,54.0,1788.0
Pablo Felipe,Famalicao,77.0,https://static-img.zz.pt/jogadores/57/787557_20230210135513_pablo_felipe.png,409654.0,1227326.0,0.0,0.3,5.0,6.0,3.0,15.0,1.8,2.0,15.0,20.0,1.0,61.0,10.0,4.0,8.0,707.0
Murilo Souza,Gil-Vicente,77.0,https://static-img.zz.pt/jogadores/32/245832_20230227191254_murilo_souza.png,244655.0,586719.0,1.0,4.0,42.0,43.0,33.0,82.0,4.3,5.0,48.0,90.0,5.0,203.0,69.0,23.0,90.0,2176.0
Fábio Ronaldo,Rio-Ave,77.0,https://static-img.zz.pt/jogadores/60/512660_20220803220313_fabio_ronaldo.png,444576.0,1288115.0,3.0,2.2,21.0,38.0,23.0,55.0,4.0,3.0,28.0,60.0,6.0,194.0,35.0,15.0,61.0,1977.0
Jovane Cabral,Sporting,77.0,https://static-img.zz.pt/jogadores/96/461396_20220928005343_jovane_cabral.png,361964.0,785716.0,0.0,0.0,1.0,7.0,1.0,6.0,0.0,0.0,0.0,3.0,0.0,11.0,1.0,0.0,1.0,55.0
Tiago Araújo,Estoril,78.0,https://static-img.zz.pt/jogadores/86/428386_20220803213903_tiago_araujo.png,407140.0,1185329.0,0.0,0.4,7.0,17.0,9.0,26.0,0.7,1.0,14.0,25.0,1.0,115.0,18.0,3.0,26.0,881.0
Francisco França,Maritimo,78.0,https://static-img.zz.pt/jogadores/69/730169_20210626013720_franca.png,,1282420.0,,,,,,,,,,,,,,,,
Pedro Malheiro,Boavista,79.0,https://static-img.zz.pt/jogadores/15/823915__20210920194041_pedro_malheiro.png,422313.0,1282144.0,6.0,3.0,20.0,100.0,18.0,107.0,0.9,0.0,16.0,46.0,6.0,459.0,33.0,5.0,47.0,2787.0
Youssef Chermiti,Sporting,79.0,https://static-img.zz.pt/jogadores/44/562444_20220907200715_youssef_chermiti.png,447229.0,1356310.0,2.0,0.7,5.0,7.0,1.0,9.0,5.8,3.0,28.0,11.0,2.0,34.0,6.0,10.0,12.0,844.0
Nuno Moreira,Vizela,79.0,https://static-img.zz.pt/jogadores/49/84849_20220813002001_nuno_moreira.png,421851.0,1188608.0,1.0,2.9,26.0,34.0,26.0,83.0,3.0,1.0,53.0,66.0,3.0,211.0,29.0,10.0,43.0,1836.0
Berna Conceição,Boavista,80.0,https://static-img.zz.pt/jogadores/71/919071__20220805143225_berna.png,422314.0,1282141.0,0.0,0.0,0.0,0.0,0.0,0.0,0.0,0.0,0.0,0.0,0.0,1.0,0.0,0.0,0.0,6.0
Beni Mukendi,Casa-Pia,80.0,https://static-img.zz.pt/jogadores/09/715109_20230314225101_beni_mukendi.png,472325.0,1372284.0,1.0,0.9,15.0,32.0,2.0,41.0,0.2,0.0,4.0,30.0,1.0,133.0,19.0,0.0,13.0,937.0
Victor Bobsin,Santa-Clara,80.0,https://static-img.zz.pt/jogadores/50/495450_20221008153906_victor_bobsin.jpg,416885.0,1248669.0,1.0,0.8,11.0,80.0,9.0,98.0,0.5,0.0,11.0,30.0,2.0,230.0,10.0,1.0,11.0,1610.0
Dani Silva,Vitoria-de-Guimaraes,80.0,https://static-img.zz.pt/jogadores/62/166262_20220729164523_dani_silva_1659109523.jpg,437999.0,1019567.0,0.0,0.9,12.0,85.0,12.0,106.0,0.9,1.0,16.0,49.0,2.0,261.0,22.0,2.0,22.0,1643.0
Mateus Fernandes,Sporting,82.0,https://static-img.zz.pt/jogadores/46/532646_20220907200559_mateus_fernandes.png,447231.0,1356312.0,0.0,0.1,2.0,5.0,1.0,5.0,0.1,0.0,1.0,3.0,0.0,8.0,1.0,0.0,4.0,90.0
Rui Correia,Vitoria-de-Guimaraes,82.0,https://static-img.zz.pt/jogadores/39/588639_20210811113439_rui_correia_1628678079.jpg,,1407284.0,,,,,,,,,,,,,,,,
Tomás Silva,Vizela,82.0,https://static-img.zz.pt/jogadores/41/84241_20220812235941_tomas_silva.png,416045.0,1188599.0,2.0,1.5,17.0,38.0,23.0,52.0,0.5,1.0,6.0,36.0,2.0,209.0,18.0,3.0,25.0,1175.0
João Pedro,Chaves,83.0,https://static-img.zz.pt/jogadores/76/159876_20230207161425_joao_pedro.jpg,119089.0,375790.0,0.0,0.5,5.0,27.0,2.0,31.0,0.0,0.0,2.0,9.0,0.0,82.0,2.0,0.0,4.0,594.0
Mamadou Tounkara,Vitoria-de-Guimaraes,83.0,https://static-img.zz.pt/jogadores/50/812850_20221117111636_mamadou_tounkara_1668683796.jpg,454565.0,1355560.0,0.0,0.0,0.0,20.0,0.0,22.0,0.2,0.0,2.0,5.0,0.0,116.0,5.0,0.0,7.0,1048.0
Dário Essugo,Sporting,84.0,https://static-img.zz.pt/jogadores/90/508990_20220907200547_dario_essugo.png,411914.0,1239595.0,0.0,0.0,1.0,10.0,0.0,9.0,0.0,0.0,2.0,6.0,0.0,33.0,1.0,0.0,2.0,200.0
Nito Gomes,Maritimo,85.0,https://static-img.zz.pt/jogadores/20/1032720_20221112130716_nito_gomes.jpg,471933.0,1434611.0,0.0,0.0,0.0,4.0,0.0,5.0,0.0,0.0,1.0,0.0,0.0,8.0,0.0,0.0,0.0,71.0
Bruno Reis,Portimonense,85.0,https://static-img.zz.pt/jogadores/24/498824_20220808160612_bruno_reis_1659971172.jpg,370001.0,1022914.0,,,,,,,,,,,,,,,,
João Neves,Benfica,87.0,https://static-img.zz.pt/jogadores/29/587629_20230103090446_joao_neves.png,465388.0,1342757.0,0.0,0.2,5.0,45.0,6.0,50.0,1.8,1.0,13.0,19.0,2.0,111.0,10.0,2.0,5.0,611.0
Bernardo Folha,Porto,87.0,https://static-img.zz.pt/jogadores/09/528209_20220817115212_bernardo_folha.png,433595.0,1220993.0,0.0,0.0,0.0,5.0,0.0,2.0,0.1,0.0,2.0,2.0,0.0,11.0,1.0,1.0,4.0,58.0
Gonçalo Ramos,Benfica,88.0,https://static-img.zz.pt/jogadores/76/428376_20220916101958_goncalo_ramos.jpg,395802.0,940087.0,2.0,2.4,17.0,10.0,9.0,31.0,20.1,19.0,98.0,46.0,8.0,138.0,14.0,15.0,30.0,2282.0
André Castro,Braga,88.0,https://static-img.zz.pt/jogadores/07/32507_20220803192358_andre_castro.jpg,35405.0,40956.0,1.0,0.1,1.0,31.0,1.0,40.0,0.7,1.0,5.0,8.0,2.0,85.0,8.0,2.0,9.0,625.0
Pedro Santos,Braga,89.0,https://static-img.zz.pt/jogadores/09/545909_20220902164912_pedro_santos_1662133752.jpg,468164.0,1356299.0,0.0,0.1,1.0,1.0,0.0,1.0,0.0,0.0,0.0,2.0,0.0,2.0,0.0,0.0,0.0,8.0
Tiago Machado,Boavista,90.0,https://static-img.zz.pt/jogadores/57/952257__20221102121347_tiago_machado.jpg,482373.0,,0.0,0.0,0.0,0.0,0.0,0.0,0.0,0.0,0.0,0.0,0.0,2.0,0.0,0.0,0.0,10.0
Mikey Johnston,Vitoria-de-Guimaraes,90.0,https://static-img.zz.pt/jogadores/18/480418_20221117111636_mikey_johnston_1668683796.jpg,319796.0,766622.0,4.0,2.2,23.0,34.0,17.0,50.0,1.7,1.0,29.0,55.0,6.0,85.0,37.0,22.0,55.0,1364.0
Friday Etim,Vizela,90.0,https://static-img.zz.pt/jogadores/58/891458_20230227190751_friday_etim.png,431409.0,1328716.0,0.0,1.5,12.0,6.0,4.0,12.0,2.7,2.0,21.0,17.0,1.0,33.0,6.0,3.0,6.0,445.0
Morato,Benfica,91.0,https://static-img.zz.pt/jogadores/11/681311_20220916101607_morato.jpg,376916.0,1053838.0,0.0,0.0,0.0,32.0,0.0,38.0,0.3,1.0,3.0,5.0,0.0,92.0,4.0,0.0,7.0,648.0
Lukas Hornicek,Braga,91.0,https://static-img.zz.pt/jogadores/63/702563_20220803190156_lukas_hornicek.jpg,415682.0,,0.0,0.0,0.0,0.0,0.0,0.0,0.0,0.0,0.0,0.0,0.0,1.0,0.0,0.0,0.0,18.0
Mabrouk Rouai,Estoril,91.0,https://static-img.zz.pt/jogadores/59/970359__20230116083917_mabrouk_rouai.jpg,400985.0,1116350.0,0.0,0.0,1.0,0.0,0.0,0.0,0.0,0.0,0.0,1.0,0.0,4.0,0.0,0.0,1.0,33.0
Rodrigo Ribeiro,Sporting,91.0,https://static-img.zz.pt/jogadores/09/664609_20220907200726_rodrigo_ribeiro.png,434076.0,1343749.0,0.0,0.0,0.0,0.0,0.0,0.0,0.2,0.0,3.0,1.0,0.0,4.0,1.0,0.0,1.0,30.0
João Valido,Arouca,92.0,https://static-img.zz.pt/jogadores/71/520171_20220806111612_joao_valido.png,368960.0,,0.0,0.0,0.0,0.0,0.0,0.0,0.0,0.0,0.0,0.0,0.0,0.0,0.0,0.0,0.0,1.0
Julian Draxler,Benfica,93.0,https://static-img.zz.pt/jogadores/81/977381__20230202130924_julian_draxler.png,96449.0,243164.0,0.0,0.6,10.0,24.0,8.0,33.0,1.5,1.0,11.0,21.0,2.0,29.0,5.0,2.0,10.0,407.0
Welinton Júnior,Portimonense,93.0,https://static-img.zz.pt/jogadores/19/338319_20220808161152_welinton_junior_1659971512.jpg,130506.0,449834.0,0.0,2.2,12.0,32.0,12.0,49.0,8.9,6.0,93.0,51.0,4.0,103.0,30.0,13.0,40.0,2060.0
Paulo Vitor,Rio-Ave,93.0,https://static-img.zz.pt/jogadores/41/491941_20220803220419_paulo_vitor.png,337885.0,844440.0,1.0,1.4,12.0,13.0,11.0,18.0,0.7,1.0,23.0,25.0,2.0,143.0,31.0,7.0,44.0,1109.0
Felix ,Estoril,94.0,https://static-img.zz.pt/jogadores/09/717209_20221215180941_felix_.png,,1438596.0,,,,,,,,,,,,,,,,
Vitor Costa,Maritimo,94.0,https://static-img.zz.pt/jogadores/19/962519__20221212080550_vitor_costa.png,329366.0,666937.0,1.0,1.9,32.0,97.0,27.0,124.0,1.1,2.0,16.0,77.0,2.0,338.0,42.0,8.0,56.0,2402.0
Jô Batista,Chaves,95.0,https://static-img.zz.pt/jogadores/92/407992_20220812233156_jo_batista.png,438901.0,694773.0,0.0,0.1,2.0,4.0,2.0,6.0,1.4,1.0,12.0,8.0,1.0,24.0,4.0,2.0,5.0,301.0
James Léa-Siliki,Estoril,95.0,https://static-img.zz.pt/jogadores/05/519205_20220803214602_james_lea_siliki.png,332144.0,817148.0,0.0,0.8,11.0,27.0,9.0,31.0,0.9,3.0,16.0,25.0,0.0,71.0,9.0,3.0,10.0,803.0
Théo Fonseca,Famalicao,95.0,https://static-img.zz.pt/jogadores/59/625559_20220927150727_theo_fonseca.png,444633.0,1200814.0,0.0,0.0,2.0,0.0,1.0,2.0,0.0,0.0,0.0,2.0,0.0,13.0,1.0,0.0,2.0,112.0
André Pereira,Rio-Ave,95.0,https://static-img.zz.pt/jogadores/15/217215_20220803220510_andre_pereira.png,349176.0,816235.0,3.0,2.5,17.0,15.0,5.0,19.0,3.8,1.0,20.0,31.0,5.0,76.0,17.0,2.0,22.0,999.0
Pierre Sagna,Santa-Clara,95.0,https://static-img.zz.pt/jogadores/56/151256_20220803230145_pierre_sagna.png,92825.0,215823.0,1.0,2.2,21.0,46.0,15.0,60.0,0.2,0.0,7.0,38.0,1.0,255.0,21.0,2.0,32.0,1754.0
Santi Colombatto,Famalicao,97.0,https://static-img.zz.pt/jogadores/11/484511_20220927150630_santi_colombatto.png,298175.0,686460.0,6.0,5.4,63.0,88.0,14.0,115.0,3.3,3.0,29.0,104.0,11.0,332.0,23.0,3.0,28.0,2611.0
Fabijan Buntic,Vizela,97.0,https://static-img.zz.pt/jogadores/95/481395_20220812235634_fabijan_buntic.png,326410.0,,0.0,0.0,0.0,15.0,0.0,0.0,0.0,0.0,0.0,6.0,0.0,55.0,0.0,0.0,0.0,2970.0
Igor Vekić,Pacos-de-Ferreira,98.0,https://static-img.zz.pt/jogadores/39/459739_20220906193210_igor_vekic.jpg,412160.0,,0.0,0.0,0.0,0.0,0.0,0.0,0.0,0.0,0.0,1.0,0.0,20.0,0.0,0.0,0.0,821.0
Nicolas Janvier,Vitoria-de-Guimaraes,98.0,https://static-img.zz.pt/jogadores/28/459828_20220729164524_nicolas_janvier_1659109524.jpg,297541.0,684938.0,0.0,0.8,10.0,50.0,10.0,60.0,0.6,1.0,16.0,19.0,1.0,82.0,13.0,0.0,13.0,631.0
Odysseas Vlachodimos,Benfica,99.0,https://static-img.zz.pt/jogadores/06/197106_20220916101258_odysseas_vlachodimos.jpg,110273.0,,0.0,0.0,1.0,7.0,0.0,0.0,0.0,0.0,0.0,2.0,0.0,41.0,0.0,0.0,0.0,3057.0
João Gonçalves,Boavista,99.0,https://static-img.zz.pt/jogadores/60/919060__20220805143129_joao_goncalves.png,380734.0,,0.0,0.0,0.0,0.0,0.0,0.0,0.0,0.0,0.0,0.0,0.0,1.0,0.0,0.0,0.0,90.0
Clayton Silva,Casa-Pia,99.0,https://static-img.zz.pt/jogadores/82/709082_20220913170203_clayton_silva.png,436559.0,1290479.0,0.0,0.4,9.0,16.0,3.0,18.0,5.9,4.0,41.0,19.0,0.0,59.0,13.0,6.0,15.0,1184.0
Daniel Figueira,Estoril,99.0,https://static-img.zz.pt/jogadores/94/421994_20220803213759_daniel_figueira.png,331191.0,,0.0,0.0,0.0,9.0,0.0,2.0,0.0,0.0,0.0,2.0,1.0,58.0,0.0,0.0,0.0,2855.0
Carlos Eduardo,Maritimo,99.0,https://static-img.zz.pt/jogadores/56/931656__20220911122943_carlos_eduardo.jpg,,1404134.0,,,,,,,,,,,,,,,,
Yago Cariello,Portimonense,99.0,https://static-img.zz.pt/jogadores/34/636734_20220808161210_yago_cariello_1659971530.jpg,444818.0,1354250.0,1.0,1.1,17.0,12.0,2.0,9.0,5.9,3.0,43.0,30.0,3.0,81.0,17.0,5.0,14.0,1372.0
Diogo Costa,Porto,99.0,https://static-img.zz.pt/jogadores/06/284406_20220817114956_diogo_costa.png,373842.0,,0.0,0.2,2.0,26.0,0.0,2.0,0.0,0.0,0.0,6.0,0.0,54.0,0.0,0.0,0.0,2970.0
Marco Pereira,Santa-Clara,99.0,https://static-img.zz.pt/jogadores/76/25576_20220803225735_marco_pereira.png,361916.0,,0.0,0.0,0.0,8.0,1.0,1.0,0.0,0.0,0.0,2.0,0.0,10.0,0.0,0.0,0.0,720.0
